{"v":"5.5.7","meta":{"g":"LottieFiles AE 0.1.20","a":"","k":"","d":"","tc":""},"fr":29.9700012207031,"ip":0,"op":120.0000048877,"w":686,"h":348,"nm":"persona-question","ddd":0,"assets":[],"layers":[{"ddd":0,"ind":1,"ty":4,"nm":"right hand Outlines","parent":3,"sr":1,"ks":{"o":{"a":0,"k":100,"ix":11},"r":{"a":0,"k":0,"ix":10},"p":{"a":0,"k":[0.094,2.237,0],"ix":2},"a":{"a":0,"k":[12.815,15.763,0],"ix":1},"s":{"a":0,"k":[100,100,100],"ix":6}},"ao":0,"shapes":[{"ty":"gr","it":[{"ind":0,"ty":"sh","ix":1,"ks":{"a":0,"k":{"i":[[-0.048,0.163],[-0.956,0.251],[-0.059,-0.143],[1.014,-0.236]],"o":[[0.037,-0.139],[0.954,-0.221],[0.059,0.137],[-1.015,0.27]],"v":[[-1.781,0.215],[-0.032,-0.193],[1.77,-0.471],[0.091,0.344]],"c":true},"ix":2},"nm":"Path 1","mn":"ADBE Vector Shape - Group","hd":false},{"ty":"fl","c":{"a":0,"k":[0.969000004787,0.552999997606,0.536999990426,1],"ix":4},"o":{"a":0,"k":100,"ix":5},"r":1,"bm":0,"nm":"Fill 1","mn":"ADBE Vector Graphic - Fill","hd":false},{"ty":"tr","p":{"a":0,"k":[8.184,15.566],"ix":2},"a":{"a":0,"k":[0,0],"ix":1},"s":{"a":0,"k":[100,100],"ix":3},"r":{"a":0,"k":0,"ix":6},"o":{"a":0,"k":100,"ix":7},"sk":{"a":0,"k":0,"ix":4},"sa":{"a":0,"k":0,"ix":5},"nm":"Transform"}],"nm":"Group 1","np":2,"cix":2,"bm":0,"ix":1,"mn":"ADBE Vector Group","hd":false},{"ty":"gr","it":[{"ind":0,"ty":"sh","ix":1,"ks":{"a":0,"k":{"i":[[0,0],[0,0],[0.901,2.477]],"o":[[0,0],[0,0],[0,0]],"v":[[-0.232,-1.586],[0.982,1.586],[-0.982,-1.325]],"c":true},"ix":2},"nm":"Path 1","mn":"ADBE Vector Shape - Group","hd":false},{"ty":"fl","c":{"a":0,"k":[0.969000004787,0.552999997606,0.536999990426,1],"ix":4},"o":{"a":0,"k":100,"ix":5},"r":1,"bm":0,"nm":"Fill 1","mn":"ADBE Vector Graphic - Fill","hd":false},{"ty":"tr","p":{"a":0,"k":[8.379,17.355],"ix":2},"a":{"a":0,"k":[0,0],"ix":1},"s":{"a":0,"k":[100,100],"ix":3},"r":{"a":0,"k":0,"ix":6},"o":{"a":0,"k":100,"ix":7},"sk":{"a":0,"k":0,"ix":4},"sa":{"a":0,"k":0,"ix":5},"nm":"Transform"}],"nm":"Group 2","np":2,"cix":2,"bm":0,"ix":2,"mn":"ADBE Vector Group","hd":false},{"ty":"gr","it":[{"ind":0,"ty":"sh","ix":1,"ks":{"a":0,"k":{"i":[[0,0],[1.186,0.746],[0.348,0.961],[-1.76,0.822],[-1.564,0.535]],"o":[[-1.25,0.455],[-0.7,-0.44],[-0.35,-0.96],[1.759,-0.821],[0,0]],"v":[[2.57,4.063],[-1.788,4.245],[-3.547,0.749],[-2.441,-2.574],[4.201,-4.99]],"c":false},"ix":2},"nm":"Path 1","mn":"ADBE Vector Shape - Group","hd":false},{"ty":"fl","c":{"a":0,"k":[1,0.713999968884,0.681999954523,1],"ix":4},"o":{"a":0,"k":100,"ix":5},"r":1,"bm":0,"nm":"Fill 1","mn":"ADBE Vector Graphic - Fill","hd":false},{"ty":"tr","p":{"a":0,"k":[6.79,14.878],"ix":2},"a":{"a":0,"k":[0,0],"ix":1},"s":{"a":0,"k":[100,100],"ix":3},"r":{"a":0,"k":0,"ix":6},"o":{"a":0,"k":100,"ix":7},"sk":{"a":0,"k":0,"ix":4},"sa":{"a":0,"k":0,"ix":5},"nm":"Transform"}],"nm":"Group 3","np":2,"cix":2,"bm":0,"ix":3,"mn":"ADBE Vector Group","hd":false},{"ty":"gr","it":[{"ind":0,"ty":"sh","ix":1,"ks":{"a":0,"k":{"i":[[0.167,-0.046],[0.177,1.132],[-0.648,0.576],[-0.726,0.311],[-0.094,-0.268],[2.847,-1.076],[0.377,-0.281],[0.043,-0.442]],"o":[[-0.114,0.04],[-0.074,-0.549],[0.671,-0.56],[2.921,-1.103],[0.108,0.307],[-0.689,0.28],[-0.403,0.302],[-0.048,0.894]],"v":[[-3.404,3.09],[-4.15,1.51],[-3.433,-0.464],[-1.354,-1.536],[4.115,-2.863],[-0.954,-0.508],[-2.77,0.305],[-3.37,1.495]],"c":true},"ix":2},"nm":"Path 1","mn":"ADBE Vector Shape - Group","hd":false},{"ty":"fl","c":{"a":0,"k":[0.969000004787,0.552999997606,0.536999990426,1],"ix":4},"o":{"a":0,"k":100,"ix":5},"r":1,"bm":0,"nm":"Fill 1","mn":"ADBE Vector Graphic - Fill","hd":false},{"ty":"tr","p":{"a":0,"k":[6.966,12.557],"ix":2},"a":{"a":0,"k":[0,0],"ix":1},"s":{"a":0,"k":[100,100],"ix":3},"r":{"a":0,"k":0,"ix":6},"o":{"a":0,"k":100,"ix":7},"sk":{"a":0,"k":0,"ix":4},"sa":{"a":0,"k":0,"ix":5},"nm":"Transform"}],"nm":"Group 4","np":2,"cix":2,"bm":0,"ix":4,"mn":"ADBE Vector Group","hd":false},{"ty":"gr","it":[{"ind":0,"ty":"sh","ix":1,"ks":{"a":0,"k":{"i":[[0,0],[0.659,1.476],[0.349,0.96],[-1.76,0.822],[-2.949,0.734]],"o":[[-0.738,0.142],[0,0],[-0.35,-0.96],[1.76,-0.821],[0,0]],"v":[[1.632,5.375],[-2.771,4.668],[-4.521,0.254],[-3.333,-3.078],[5.093,-6.144]],"c":false},"ix":2},"nm":"Path 1","mn":"ADBE Vector Shape - Group","hd":false},{"ty":"fl","c":{"a":0,"k":[1,0.713999968884,0.681999954523,1],"ix":4},"o":{"a":0,"k":100,"ix":5},"r":1,"bm":0,"nm":"Fill 1","mn":"ADBE Vector Graphic - Fill","hd":false},{"ty":"tr","p":{"a":0,"k":[6.406,12.052],"ix":2},"a":{"a":0,"k":[0,0],"ix":1},"s":{"a":0,"k":[100,100],"ix":3},"r":{"a":0,"k":0,"ix":6},"o":{"a":0,"k":100,"ix":7},"sk":{"a":0,"k":0,"ix":4},"sa":{"a":0,"k":0,"ix":5},"nm":"Transform"}],"nm":"Group 5","np":2,"cix":2,"bm":0,"ix":5,"mn":"ADBE Vector Group","hd":false},{"ty":"gr","it":[{"ind":0,"ty":"sh","ix":1,"ks":{"a":0,"k":{"i":[[0.074,-0.026],[0.158,0.313],[-0.02,0.69],[-0.229,0.373],[-0.401,0.217],[-0.85,0.35],[-0.067,-0.313],[3.315,-1.37],[0.669,-0.296],[0.099,-0.498],[-0.021,-0.321]],"o":[[-0.069,0.025],[-0.15,-0.312],[0.012,-0.341],[0.224,-0.374],[0.737,-0.392],[3.374,-1.395],[0.062,0.284],[-0.821,0.336],[-0.603,0.263],[-0.105,0.494],[0.023,0.325]],"v":[[-4.369,3.45],[-4.734,3.018],[-5.059,1.529],[-4.729,0.415],[-3.744,-0.491],[-1.385,-1.571],[5.016,-3.162],[-0.969,-0.549],[-3.277,0.411],[-4.285,1.621],[-4.32,2.903]],"c":true},"ix":2},"nm":"Path 1","mn":"ADBE Vector Shape - Group","hd":false},{"ty":"fl","c":{"a":0,"k":[0.969000004787,0.552999997606,0.536999990426,1],"ix":4},"o":{"a":0,"k":100,"ix":5},"r":1,"bm":0,"nm":"Fill 1","mn":"ADBE Vector Graphic - Fill","hd":false},{"ty":"tr","p":{"a":0,"k":[6.572,8.877],"ix":2},"a":{"a":0,"k":[0,0],"ix":1},"s":{"a":0,"k":[100,100],"ix":3},"r":{"a":0,"k":0,"ix":6},"o":{"a":0,"k":100,"ix":7},"sk":{"a":0,"k":0,"ix":4},"sa":{"a":0,"k":0,"ix":5},"nm":"Transform"}],"nm":"Group 6","np":2,"cix":2,"bm":0,"ix":6,"mn":"ADBE Vector Group","hd":false},{"ty":"gr","it":[{"ind":0,"ty":"sh","ix":1,"ks":{"a":0,"k":{"i":[[0,0],[0.349,0.96],[-1.519,0.855],[-2.085,0.759],[-0.732,-2.013],[-1.105,-3.2],[4.041,-1.491],[3.084,2.154],[0.384,2.548]],"o":[[0,0],[-0.349,-0.96],[1.694,-0.953],[2.084,-0.759],[0.734,2.014],[1.103,3.202],[-4.041,1.491],[-3.083,-2.155],[0,0]],"v":[[-9.79,-0.924],[-12.216,-6.755],[-10.942,-10.087],[0.298,-14.753],[4.783,-12.128],[10.599,6.079],[8.524,14.021],[3.086,11.447],[-4.668,0.048]],"c":true},"ix":2},"nm":"Path 1","mn":"ADBE Vector Shape - Group","hd":false},{"ty":"fl","c":{"a":0,"k":[1,0.713999968884,0.681999954523,1],"ix":4},"o":{"a":0,"k":100,"ix":5},"r":1,"bm":0,"nm":"Fill 1","mn":"ADBE Vector Graphic - Fill","hd":false},{"ty":"tr","p":{"a":0,"k":[12.815,15.763],"ix":2},"a":{"a":0,"k":[0,0],"ix":1},"s":{"a":0,"k":[100,100],"ix":3},"r":{"a":0,"k":0,"ix":6},"o":{"a":0,"k":100,"ix":7},"sk":{"a":0,"k":0,"ix":4},"sa":{"a":0,"k":0,"ix":5},"nm":"Transform"}],"nm":"Group 7","np":2,"cix":2,"bm":0,"ix":7,"mn":"ADBE Vector Group","hd":false}],"ip":0,"op":120.0000048877,"st":0,"bm":0},{"ddd":0,"ind":2,"ty":4,"nm":"right finger Outlines","parent":1,"sr":1,"ks":{"o":{"a":0,"k":100,"ix":11},"r":{"a":1,"k":[{"i":{"x":[0.667],"y":[1]},"o":{"x":[0.333],"y":[0]},"t":50,"s":[-29]},{"i":{"x":[0.667],"y":[1]},"o":{"x":[0.333],"y":[0]},"t":60,"s":[20]},{"i":{"x":[0.667],"y":[1]},"o":{"x":[0.333],"y":[0]},"t":90,"s":[20]},{"t":100.000004073084,"s":[-29]}],"ix":10},"p":{"a":1,"k":[{"i":{"x":0.667,"y":1},"o":{"x":0.333,"y":0},"t":50,"s":[16.478,1.814,0],"to":[0,0.188,0],"ti":[0,-0.188,0]},{"i":{"x":0.667,"y":0.667},"o":{"x":0.333,"y":0.333},"t":60,"s":[16.478,2.939,0],"to":[0,0,0],"ti":[0,0,0]},{"i":{"x":0.667,"y":1},"o":{"x":0.333,"y":0},"t":90,"s":[16.478,2.939,0],"to":[0,-0.188,0],"ti":[0,0.188,0]},{"t":100.000004073084,"s":[16.478,1.814,0]}],"ix":2},"a":{"a":0,"k":[18.291,6.263,0],"ix":1},"s":{"a":0,"k":[100,100,100],"ix":6}},"ao":0,"shapes":[{"ty":"gr","it":[{"ind":0,"ty":"sh","ix":1,"ks":{"a":0,"k":{"i":[[0,0],[0,0],[0,0],[-0.306,-1.171],[1.059,0.376],[1.385,0.644],[-0.791,0.994],[-0.666,0.607],[-1.146,-0.369],[-1.024,-0.554],[-0.363,-2.057]],"o":[[-1.957,-1.343],[-0.687,1.092],[0,0],[0.306,1.171],[-1.06,-0.377],[-1.777,-0.827],[0.948,-1.192],[0.665,-0.607],[1.147,0.37],[1.025,0.554],[0,0]],"v":[[5.571,3.006],[-1.121,-1.252],[-4.309,2.113],[-2.63,3.936],[-4.239,5.512],[-7.264,4.323],[-8.161,0.491],[-3.625,-5.03],[-0.854,-5.519],[6.512,-2.148],[9.041,1.241]],"c":true},"ix":2},"nm":"Path 1","mn":"ADBE Vector Shape - Group","hd":false},{"ty":"fl","c":{"a":0,"k":[1,0.660345077515,0.626070559025,1],"ix":4},"o":{"a":0,"k":100,"ix":5},"r":1,"bm":0,"nm":"Fill 1","mn":"ADBE Vector Graphic - Fill","hd":false},{"ty":"tr","p":{"a":0,"k":[9.291,6.138],"ix":2},"a":{"a":0,"k":[0,0],"ix":1},"s":{"a":0,"k":[100,100],"ix":3},"r":{"a":0,"k":0,"ix":6},"o":{"a":0,"k":100,"ix":7},"sk":{"a":0,"k":0,"ix":4},"sa":{"a":0,"k":0,"ix":5},"nm":"Transform"}],"nm":"Group 1","np":2,"cix":2,"bm":0,"ix":1,"mn":"ADBE Vector Group","hd":false}],"ip":0,"op":120.0000048877,"st":0,"bm":0},{"ddd":0,"ind":3,"ty":4,"nm":"right arm Outlines","sr":1,"ks":{"o":{"a":0,"k":100,"ix":11},"r":{"a":1,"k":[{"i":{"x":[0.667],"y":[1]},"o":{"x":[0.333],"y":[0]},"t":35,"s":[-77]},{"i":{"x":[0.667],"y":[1]},"o":{"x":[0.333],"y":[0]},"t":50,"s":[0]},{"i":{"x":[0.667],"y":[1]},"o":{"x":[0.333],"y":[0]},"t":100,"s":[0]},{"t":120.0000048877,"s":[-77]}],"ix":10},"p":{"a":1,"k":[{"i":{"x":0.667,"y":1},"o":{"x":0.333,"y":0},"t":0,"s":[447.116,294.492,0],"to":[0,0,0],"ti":[0,0,0]},{"i":{"x":0.667,"y":1},"o":{"x":0.333,"y":0},"t":15,"s":[447.116,293.5,0],"to":[0,0,0],"ti":[0,0,0]},{"i":{"x":0.667,"y":1},"o":{"x":0.333,"y":0},"t":35,"s":[447.116,294.492,0],"to":[-3.75,0.833,0],"ti":[3.75,-0.833,0]},{"i":{"x":0.667,"y":0.667},"o":{"x":0.333,"y":0.333},"t":50,"s":[424.616,299.492,0],"to":[0,0,0],"ti":[0,0,0]},{"i":{"x":0.667,"y":1},"o":{"x":0.333,"y":0},"t":100,"s":[424.616,299.492,0],"to":[3.75,-0.833,0],"ti":[0,0,0]},{"t":120.0000048877,"s":[447.116,294.492,0]}],"ix":2},"a":{"a":0,"k":[11.875,66.411,0],"ix":1},"s":{"a":0,"k":[200,200,100],"ix":6}},"ao":0,"shapes":[{"ty":"gr","it":[{"ind":0,"ty":"sh","ix":1,"ks":{"a":0,"k":{"i":[[-1.909,-5.579],[-0.021,-12.212],[4.074,0],[2.311,8.277],[2.362,15.444],[-3.054,1.319]],"o":[[4.923,14.395],[0.016,8.773],[-4.074,0],[-2.309,-8.278],[-1.194,-7.806],[3.054,-1.319]],"v":[[-1.182,-25.094],[11.609,22.279],[2.721,33.161],[-7.903,21.587],[-10.431,-21.365],[-8.528,-31.842]],"c":true},"ix":2},"nm":"Path 1","mn":"ADBE Vector Shape - Group","hd":false},{"ty":"fl","c":{"a":0,"k":[1,0.713999968884,0.681999954523,1],"ix":4},"o":{"a":0,"k":100,"ix":5},"r":1,"bm":0,"nm":"Fill 1","mn":"ADBE Vector Graphic - Fill","hd":false},{"ty":"tr","p":{"a":0,"k":[11.875,33.412],"ix":2},"a":{"a":0,"k":[0,0],"ix":1},"s":{"a":0,"k":[100,100],"ix":3},"r":{"a":0,"k":0,"ix":6},"o":{"a":0,"k":100,"ix":7},"sk":{"a":0,"k":0,"ix":4},"sa":{"a":0,"k":0,"ix":5},"nm":"Transform"}],"nm":"Group 1","np":2,"cix":2,"bm":0,"ix":1,"mn":"ADBE Vector Group","hd":false}],"ip":0,"op":120.0000048877,"st":0,"bm":0},{"ddd":0,"ind":4,"ty":4,"nm":"eyebrows Outlines","parent":10,"sr":1,"ks":{"o":{"a":0,"k":100,"ix":11},"r":{"a":0,"k":0,"ix":10},"p":{"a":1,"k":[{"i":{"x":0.667,"y":1},"o":{"x":0.333,"y":0},"t":0,"s":[23.459,11.512,0],"to":[0,0.292,0],"ti":[0,0,0]},{"i":{"x":0.667,"y":1},"o":{"x":0.333,"y":0},"t":15,"s":[23.459,13.262,0],"to":[0,0,0],"ti":[0,0.292,0]},{"i":{"x":0.667,"y":0.667},"o":{"x":0.333,"y":0.333},"t":30,"s":[23.459,11.512,0],"to":[0,0,0],"ti":[0,0,0]},{"i":{"x":0.667,"y":1},"o":{"x":0.333,"y":0},"t":35,"s":[23.459,11.512,0],"to":[0,-0.085,0],"ti":[0,0.085,0]},{"i":{"x":0.667,"y":0.667},"o":{"x":0.167,"y":0.167},"t":55,"s":[23.459,11,0],"to":[0,0,0],"ti":[0,0,0]},{"i":{"x":0.667,"y":1},"o":{"x":0.167,"y":0},"t":90,"s":[23.459,11,0],"to":[0,0.085,0],"ti":[0,-0.169,0]},{"i":{"x":0.667,"y":1},"o":{"x":0.333,"y":0},"t":100,"s":[23.459,11.512,0],"to":[0,0.169,0],"ti":[0,0,0]},{"i":{"x":0.667,"y":1},"o":{"x":0.333,"y":0},"t":110,"s":[23.459,12.012,0],"to":[0,0,0],"ti":[0,0.083,0]},{"t":120.0000048877,"s":[23.459,11.512,0]}],"ix":2},"a":{"a":0,"k":[10.766,1.305,0],"ix":1},"s":{"a":0,"k":[100,100,100],"ix":6}},"ao":0,"shapes":[{"ty":"gr","it":[{"ind":0,"ty":"sh","ix":1,"ks":{"a":0,"k":{"i":[[-0.145,-0.296],[-0.495,-0.029],[-0.655,0.076],[-0.454,0.04],[-0.067,0.58],[0.549,0.18],[1.09,-0.14],[0.369,-0.29]],"o":[[0.15,0.308],[0.376,0.022],[0.634,-0.073],[1.314,-0.12],[0.042,-0.364],[-0.684,-0.2],[-0.794,0.102],[-0.369,0.289]],"v":[[-10.37,0.559],[-9.442,1.033],[-7.911,0.938],[-6.267,0.773],[-4.34,0.023],[-5.105,-0.797],[-8.035,-0.915],[-10.103,-0.27]],"c":true},"ix":2},"nm":"Path 1","mn":"ADBE Vector Shape - Group","hd":false},{"ind":1,"ty":"sh","ix":2,"ks":{"a":0,"k":{"i":[[0.145,-0.296],[0.496,-0.029],[0.656,0.076],[0.455,0.04],[0.067,0.58],[-0.551,0.18],[-1.09,-0.14],[-0.369,-0.29]],"o":[[-0.15,0.308],[-0.375,0.022],[-0.633,-0.073],[-1.314,-0.12],[-0.043,-0.364],[0.683,-0.2],[0.794,0.102],[0.369,0.289]],"v":[[10.371,0.559],[9.442,1.033],[7.911,0.938],[6.267,0.773],[4.341,0.023],[5.106,-0.797],[8.035,-0.915],[10.103,-0.27]],"c":true},"ix":2},"nm":"Path 2","mn":"ADBE Vector Shape - Group","hd":false},{"ty":"mm","mm":1,"nm":"Merge Paths 1","mn":"ADBE Vector Filter - Merge","hd":false},{"ty":"fl","c":{"a":0,"k":[0.1450980392156863,0.1411764705882353,0.1411764705882353,1],"ix":4},"o":{"a":0,"k":100,"ix":5},"r":1,"bm":0,"nm":"Fill 1","mn":"ADBE Vector Graphic - Fill","hd":false},{"ty":"tr","p":{"a":0,"k":[10.765,1.305],"ix":2},"a":{"a":0,"k":[0,0],"ix":1},"s":{"a":0,"k":[100,100],"ix":3},"r":{"a":0,"k":0,"ix":6},"o":{"a":0,"k":100,"ix":7},"sk":{"a":0,"k":0,"ix":4},"sa":{"a":0,"k":0,"ix":5},"nm":"Transform"}],"nm":"Group 1","np":4,"cix":2,"bm":0,"ix":1,"mn":"ADBE Vector Group","hd":false}],"ip":0,"op":120.0000048877,"st":0,"bm":0},{"ddd":0,"ind":5,"ty":4,"nm":"eyes Outlines","parent":10,"sr":1,"ks":{"o":{"a":0,"k":100,"ix":11},"r":{"a":0,"k":0,"ix":10},"p":{"a":1,"k":[{"i":{"x":0.667,"y":1},"o":{"x":0.333,"y":0},"t":0,"s":[23.495,18.453,0],"to":[0,0.333,0],"ti":[0,0,0]},{"i":{"x":0.667,"y":1},"o":{"x":0.333,"y":0},"t":15,"s":[23.495,20.453,0],"to":[0,0,0],"ti":[0,0.333,0]},{"i":{"x":0.667,"y":0.667},"o":{"x":0.333,"y":0.333},"t":30,"s":[23.495,18.453,0],"to":[0,0,0],"ti":[0,0,0]},{"i":{"x":0.667,"y":1},"o":{"x":0.333,"y":0},"t":100,"s":[23.495,18.453,0],"to":[0,0.125,0],"ti":[0,0,0]},{"i":{"x":0.667,"y":1},"o":{"x":0.333,"y":0},"t":110,"s":[23.495,19.203,0],"to":[0,0,0],"ti":[0,0.125,0]},{"t":119.000004846969,"s":[23.495,18.453,0]}],"ix":2},"a":{"a":0,"k":[8.481,2.603,0],"ix":1},"s":{"a":1,"k":[{"i":{"x":[0.667,0.667,0.667],"y":[1,1,1]},"o":{"x":[0.333,0.333,0.333],"y":[0,0,0]},"t":8,"s":[100,100,100]},{"i":{"x":[0.667,0.667,0.667],"y":[1,1,1]},"o":{"x":[0.333,0.333,0.333],"y":[0,0,0]},"t":10,"s":[100,20,100]},{"i":{"x":[0.667,0.667,0.667],"y":[1,1,1]},"o":{"x":[0.333,0.333,0.333],"y":[0,0,0]},"t":12,"s":[100,100,100]},{"i":{"x":[0.667,0.667,0.667],"y":[1,1,1]},"o":{"x":[0.333,0.333,0.333],"y":[0,0,0]},"t":20,"s":[100,100,100]},{"i":{"x":[0.667,0.667,0.667],"y":[1,1,1]},"o":{"x":[0.333,0.333,0.333],"y":[0,0,0]},"t":22,"s":[100,20,100]},{"i":{"x":[0.667,0.667,0.667],"y":[1,1,1]},"o":{"x":[0.333,0.333,0.333],"y":[0,0,0]},"t":24,"s":[100,100,100]},{"i":{"x":[0.667,0.667,0.667],"y":[1,1,1]},"o":{"x":[0.333,0.333,0.333],"y":[0,0,0]},"t":60,"s":[100,100,100]},{"i":{"x":[0.667,0.667,0.667],"y":[1,1,1]},"o":{"x":[0.333,0.333,0.333],"y":[0,0,0]},"t":62,"s":[100,20,100]},{"i":{"x":[0.667,0.667,0.667],"y":[1,1,1]},"o":{"x":[0.333,0.333,0.333],"y":[0,0,0]},"t":64,"s":[100,100,100]},{"i":{"x":[0.667,0.667,0.667],"y":[1,1,1]},"o":{"x":[0.333,0.333,0.333],"y":[0,0,0]},"t":80,"s":[100,100,100]},{"i":{"x":[0.667,0.667,0.667],"y":[1,1,1]},"o":{"x":[0.333,0.333,0.333],"y":[0,0,0]},"t":82,"s":[100,20,100]},{"t":84.0000034213901,"s":[100,100,100]}],"ix":6}},"ao":0,"shapes":[{"ty":"gr","it":[{"ind":0,"ty":"sh","ix":1,"ks":{"a":0,"k":{"i":[[0,-1.299],[-0.992,0],[0,1.299],[0.992,0]],"o":[[0,1.299],[0.992,0],[0,-1.299],[-0.992,0]],"v":[[-1.796,0],[0,2.353],[1.796,0],[0,-2.353]],"c":true},"ix":2},"nm":"Path 1","mn":"ADBE Vector Shape - Group","hd":false},{"ty":"fl","c":{"a":0,"k":[0,0,0,1],"ix":4},"o":{"a":0,"k":100,"ix":5},"r":1,"bm":0,"nm":"Fill 1","mn":"ADBE Vector Graphic - Fill","hd":false},{"ty":"tr","p":{"a":0,"k":[2.046,2.603],"ix":2},"a":{"a":0,"k":[0,0],"ix":1},"s":{"a":0,"k":[100,100],"ix":3},"r":{"a":0,"k":0,"ix":6},"o":{"a":0,"k":100,"ix":7},"sk":{"a":0,"k":0,"ix":4},"sa":{"a":0,"k":0,"ix":5},"nm":"Transform"}],"nm":"Group 1","np":2,"cix":2,"bm":0,"ix":1,"mn":"ADBE Vector Group","hd":false},{"ty":"gr","it":[{"ind":0,"ty":"sh","ix":1,"ks":{"a":0,"k":{"i":[[0,-1.299],[0.991,0],[0,1.299],[-0.992,0]],"o":[[0,1.299],[-0.992,0],[0,-1.299],[0.991,0]],"v":[[1.797,0],[0.001,2.353],[-1.797,0],[0.001,-2.353]],"c":true},"ix":2},"nm":"Path 1","mn":"ADBE Vector Shape - Group","hd":false},{"ty":"fl","c":{"a":0,"k":[0,0,0,1],"ix":4},"o":{"a":0,"k":100,"ix":5},"r":1,"bm":0,"nm":"Fill 1","mn":"ADBE Vector Graphic - Fill","hd":false},{"ty":"tr","p":{"a":0,"k":[14.916,2.603],"ix":2},"a":{"a":0,"k":[0,0],"ix":1},"s":{"a":0,"k":[100,100],"ix":3},"r":{"a":0,"k":0,"ix":6},"o":{"a":0,"k":100,"ix":7},"sk":{"a":0,"k":0,"ix":4},"sa":{"a":0,"k":0,"ix":5},"nm":"Transform"}],"nm":"Group 2","np":2,"cix":2,"bm":0,"ix":2,"mn":"ADBE Vector Group","hd":false}],"ip":0,"op":120.0000048877,"st":0,"bm":0},{"ddd":0,"ind":6,"ty":4,"nm":"nouse Outlines","parent":10,"sr":1,"ks":{"o":{"a":0,"k":100,"ix":11},"r":{"a":0,"k":0,"ix":10},"p":{"a":1,"k":[{"i":{"x":0.667,"y":1},"o":{"x":0.333,"y":0},"t":0,"s":[24.562,24.389,0],"to":[0,0.375,0],"ti":[0,0,0]},{"i":{"x":0.667,"y":1},"o":{"x":0.333,"y":0},"t":15,"s":[24.562,26.639,0],"to":[0,0,0],"ti":[0,0.375,0]},{"i":{"x":0.667,"y":0.667},"o":{"x":0.333,"y":0.333},"t":30,"s":[24.562,24.389,0],"to":[0,0,0],"ti":[0,0,0]},{"i":{"x":0.667,"y":1},"o":{"x":0.333,"y":0},"t":100,"s":[24.562,24.389,0],"to":[0,0.167,0],"ti":[0,0,0]},{"i":{"x":0.667,"y":1},"o":{"x":0.333,"y":0},"t":110,"s":[24.562,25.389,0],"to":[0,0,0],"ti":[0,0.167,0]},{"t":120.0000048877,"s":[24.562,24.389,0]}],"ix":2},"a":{"a":0,"k":[1.318,2.238,0],"ix":1},"s":{"a":0,"k":[100,100,100],"ix":6}},"ao":0,"shapes":[{"ty":"gr","it":[{"ind":0,"ty":"sh","ix":1,"ks":{"a":0,"k":{"i":[[0.433,0.322],[-0.086,0.267],[0.002,0.212],[0.058,0.283],[0.315,0.385],[-0.377,-0.355],[-0.051,-0.593],[0.426,-0.341]],"o":[[0.37,-0.335],[0.065,-0.278],[-0.007,-0.192],[-0.077,-0.284],[0.465,-0.235],[0.392,0.361],[0.031,0.577],[-0.39,0.35]],"v":[[-1.068,1.666],[-0.539,0.74],[-0.471,0.035],[-0.591,-0.761],[-1.068,-1.753],[0.361,-1.439],[1.037,-0.037],[0.397,1.465]],"c":true},"ix":2},"nm":"Path 1","mn":"ADBE Vector Shape - Group","hd":false},{"ty":"fl","c":{"a":0,"k":[0.910000011968,0.497999991623,0.46699999641,1],"ix":4},"o":{"a":0,"k":100,"ix":5},"r":1,"bm":0,"nm":"Fill 1","mn":"ADBE Vector Graphic - Fill","hd":false},{"ty":"tr","p":{"a":0,"k":[1.318,2.238],"ix":2},"a":{"a":0,"k":[0,0],"ix":1},"s":{"a":0,"k":[100,100],"ix":3},"r":{"a":0,"k":0,"ix":6},"o":{"a":0,"k":100,"ix":7},"sk":{"a":0,"k":0,"ix":4},"sa":{"a":0,"k":0,"ix":5},"nm":"Transform"}],"nm":"Group 1","np":2,"cix":2,"bm":0,"ix":1,"mn":"ADBE Vector Group","hd":false}],"ip":0,"op":120.0000048877,"st":0,"bm":0},{"ddd":0,"ind":7,"ty":4,"nm":"mouth 1 Outlines 2","parent":10,"sr":1,"ks":{"o":{"a":0,"k":100,"ix":11},"r":{"a":0,"k":0,"ix":10},"p":{"a":1,"k":[{"i":{"x":0.667,"y":0.746},"o":{"x":0.333,"y":0},"t":110,"s":[23.461,31.871,0],"to":[0,-0.238,0],"ti":[0,0.304,0]},{"i":{"x":0.667,"y":1},"o":{"x":0.333,"y":0.05},"t":119,"s":[23.461,30.913,0],"to":[0,-0.016,0],"ti":[0,0.012,0]},{"t":120.0000048877,"s":[23.461,30.371,0]}],"ix":2},"a":{"a":0,"k":[4.361,1.165,0],"ix":1},"s":{"a":1,"k":[{"i":{"x":[0.667,0.667,0.667],"y":[1,1,1]},"o":{"x":[0.167,0.167,0.167],"y":[0,0,0]},"t":110,"s":[50,80,100]},{"t":120.0000048877,"s":[100,100,100]}],"ix":6}},"ao":0,"shapes":[{"ty":"gr","it":[{"ind":0,"ty":"sh","ix":1,"ks":{"a":0,"k":{"i":[[1.259,0],[0.064,0.001],[0.745,0.146],[-0.079,0.406],[-0.408,-0.08],[-1.302,-0.01],[-0.764,0.162],[-0.085,-0.405],[0.404,-0.086]],"o":[[-0.064,0],[-1.244,-0.01],[-0.407,-0.081],[0.081,-0.407],[0.558,0.109],[1.234,0.01],[0.404,-0.089],[0.086,0.405],[-0.825,0.175]],"v":[[0.185,0.915],[-0.008,0.914],[-3.44,0.644],[-4.032,-0.237],[-3.151,-0.828],[0.003,-0.586],[3.135,-0.826],[4.025,-0.248],[3.448,0.641]],"c":true},"ix":2},"nm":"Path 1","mn":"ADBE Vector Shape - Group","hd":false},{"ty":"fl","c":{"a":0,"k":[0.910000011968,0.497999991623,0.46699999641,1],"ix":4},"o":{"a":0,"k":100,"ix":5},"r":1,"bm":0,"nm":"Fill 1","mn":"ADBE Vector Graphic - Fill","hd":false},{"ty":"tr","p":{"a":0,"k":[4.361,1.165],"ix":2},"a":{"a":0,"k":[0,0],"ix":1},"s":{"a":0,"k":[100,100],"ix":3},"r":{"a":0,"k":0,"ix":6},"o":{"a":0,"k":100,"ix":7},"sk":{"a":0,"k":0,"ix":4},"sa":{"a":0,"k":0,"ix":5},"nm":"Transform"}],"nm":"Group 1","np":2,"cix":2,"bm":0,"ix":1,"mn":"ADBE Vector Group","hd":false}],"ip":110.000004480392,"op":120.0000048877,"st":80.0000032584668,"bm":0},{"ddd":0,"ind":8,"ty":4,"nm":"mouth 2 Outlines","parent":10,"sr":1,"ks":{"o":{"a":0,"k":100,"ix":11},"r":{"a":0,"k":0,"ix":10},"p":{"a":0,"k":[23.494,31.707,0],"ix":2},"a":{"a":0,"k":[2.18,1.925,0],"ix":1},"s":{"a":1,"k":[{"i":{"x":[0.667,0.667,0.667],"y":[1,1,1]},"o":{"x":[0.333,0.333,0.333],"y":[0,0,0]},"t":40,"s":[100,50,100]},{"i":{"x":[0.667,0.667,0.667],"y":[1,1,1]},"o":{"x":[0.333,0.333,0.333],"y":[0,0,0]},"t":50,"s":[100,100,100]},{"i":{"x":[0.667,0.667,0.667],"y":[1,1,1]},"o":{"x":[0.333,0.333,0.333],"y":[0,0,0]},"t":100,"s":[100,100,100]},{"t":110.000004480392,"s":[100,50,100]}],"ix":6}},"ao":0,"shapes":[{"ty":"gr","it":[{"ind":0,"ty":"sh","ix":1,"ks":{"a":0,"k":{"i":[[0,-0.925],[1.066,0],[0,0.925],[-1.066,0]],"o":[[0,0.925],[-1.066,0],[0,-0.925],[1.066,0]],"v":[[1.93,0],[-0.001,1.675],[-1.93,0],[-0.001,-1.675]],"c":true},"ix":2},"nm":"Path 1","mn":"ADBE Vector Shape - Group","hd":false},{"ty":"fl","c":{"a":0,"k":[0.764999988032,0.289999988032,0.372999991623,1],"ix":4},"o":{"a":0,"k":100,"ix":5},"r":1,"bm":0,"nm":"Fill 1","mn":"ADBE Vector Graphic - Fill","hd":false},{"ty":"tr","p":{"a":0,"k":[2.18,1.925],"ix":2},"a":{"a":0,"k":[0,0],"ix":1},"s":{"a":0,"k":[100,100],"ix":3},"r":{"a":0,"k":0,"ix":6},"o":{"a":0,"k":100,"ix":7},"sk":{"a":0,"k":0,"ix":4},"sa":{"a":0,"k":0,"ix":5},"nm":"Transform"}],"nm":"Group 1","np":2,"cix":2,"bm":0,"ix":1,"mn":"ADBE Vector Group","hd":false}],"ip":40.0000016292334,"op":110.000004480392,"st":0,"bm":0},{"ddd":0,"ind":9,"ty":4,"nm":"mouth 1 Outlines","parent":10,"sr":1,"ks":{"o":{"a":0,"k":100,"ix":11},"r":{"a":0,"k":0,"ix":10},"p":{"a":1,"k":[{"i":{"x":0.667,"y":1},"o":{"x":0.333,"y":0},"t":0,"s":[23.461,30.934,0],"to":[0,0.25,0],"ti":[0,0,0]},{"i":{"x":0.667,"y":1},"o":{"x":0.333,"y":0},"t":15,"s":[23.461,32.434,0],"to":[0,0,0],"ti":[0,0.25,0]},{"t":30.0000012219251,"s":[23.461,30.934,0]}],"ix":2},"a":{"a":0,"k":[4.361,1.165,0],"ix":1},"s":{"a":1,"k":[{"i":{"x":[0.667,0.667,0.667],"y":[1,1,1]},"o":{"x":[0.333,0.333,0.333],"y":[0,0,0]},"t":35,"s":[100,100,100]},{"t":40.0000016292334,"s":[50,80,100]}],"ix":6}},"ao":0,"shapes":[{"ty":"gr","it":[{"ind":0,"ty":"sh","ix":1,"ks":{"a":0,"k":{"i":[[1.259,0],[0.064,0.001],[0.745,0.146],[-0.079,0.406],[-0.408,-0.08],[-1.302,-0.01],[-0.764,0.162],[-0.085,-0.405],[0.404,-0.086]],"o":[[-0.064,0],[-1.244,-0.01],[-0.407,-0.081],[0.081,-0.407],[0.558,0.109],[1.234,0.01],[0.404,-0.089],[0.086,0.405],[-0.825,0.175]],"v":[[0.185,0.915],[-0.008,0.914],[-3.44,0.644],[-4.032,-0.237],[-3.151,-0.828],[0.003,-0.586],[3.135,-0.826],[4.025,-0.248],[3.448,0.641]],"c":true},"ix":2},"nm":"Path 1","mn":"ADBE Vector Shape - Group","hd":false},{"ty":"fl","c":{"a":0,"k":[0.910000011968,0.497999991623,0.46699999641,1],"ix":4},"o":{"a":0,"k":100,"ix":5},"r":1,"bm":0,"nm":"Fill 1","mn":"ADBE Vector Graphic - Fill","hd":false},{"ty":"tr","p":{"a":0,"k":[4.361,1.165],"ix":2},"a":{"a":0,"k":[0,0],"ix":1},"s":{"a":0,"k":[100,100],"ix":3},"r":{"a":0,"k":0,"ix":6},"o":{"a":0,"k":100,"ix":7},"sk":{"a":0,"k":0,"ix":4},"sa":{"a":0,"k":0,"ix":5},"nm":"Transform"}],"nm":"Group 1","np":2,"cix":2,"bm":0,"ix":1,"mn":"ADBE Vector Group","hd":false}],"ip":0,"op":40.0000016292334,"st":0,"bm":0},{"ddd":0,"ind":10,"ty":4,"nm":"face Outlines","sr":1,"ks":{"o":{"a":0,"k":100,"ix":11},"r":{"a":1,"k":[{"i":{"x":[0.667],"y":[1]},"o":{"x":[0.333],"y":[0]},"t":0,"s":[0]},{"i":{"x":[0.667],"y":[1]},"o":{"x":[0.333],"y":[0]},"t":30,"s":[0]},{"i":{"x":[0.667],"y":[1]},"o":{"x":[0.333],"y":[0]},"t":50,"s":[10]},{"i":{"x":[0.667],"y":[1]},"o":{"x":[0.333],"y":[0]},"t":55,"s":[8]},{"i":{"x":[0.667],"y":[1]},"o":{"x":[0.333],"y":[0]},"t":90,"s":[8]},{"t":110.000004480392,"s":[0]}],"ix":10},"p":{"a":1,"k":[{"i":{"x":0.667,"y":1},"o":{"x":0.333,"y":0},"t":0,"s":[354.942,141.588,0],"to":[0,0.417,0],"ti":[0,0,0]},{"i":{"x":0.667,"y":1},"o":{"x":0.333,"y":0},"t":15,"s":[354.942,144.088,0],"to":[0,0,0],"ti":[0,0.417,0]},{"i":{"x":0.667,"y":0.667},"o":{"x":0.333,"y":0.333},"t":30,"s":[354.942,141.588,0],"to":[0,0,0],"ti":[0,0,0]},{"i":{"x":0.667,"y":1},"o":{"x":0.333,"y":0},"t":90,"s":[354.942,141.588,0],"to":[0,0.417,0],"ti":[0,0,0]},{"i":{"x":0.667,"y":1},"o":{"x":0.333,"y":0},"t":105,"s":[354.942,144.088,0],"to":[0,0,0],"ti":[0,0.417,0]},{"t":120.0000048877,"s":[354.942,141.588,0]}],"ix":2},"a":{"a":0,"k":[23.352,42.434,0],"ix":1},"s":{"a":0,"k":[200,200,100],"ix":6}},"ao":0,"shapes":[{"ty":"gr","it":[{"ind":0,"ty":"sh","ix":1,"ks":{"a":0,"k":{"i":[[-1.821,-3.11],[-1.728,-2.644],[-0.886,0],[0.127,-2.478],[2.473,0.212],[5.289,0],[4.411,12.114],[0.126,2.478],[-2.481,0.041],[-4.444,0],[-1.08,4.194],[-4.319,0]],"o":[[1.822,3.11],[1.728,2.644],[2.481,0.041],[-0.126,2.478],[-4.411,12.114],[-5.288,0],[-2.472,0.212],[-0.127,-2.478],[7.908,0],[2.96,0],[0.961,-3.734],[4.319,0]],"v":[[10.379,-16.862],[13.782,-6.755],[19.212,-3.48],[22.976,0.998],[17.947,5.382],[-0.001,21.184],[-17.949,5.382],[-22.976,0.998],[-19.213,-3.48],[-9.157,-8.838],[-4.995,-16.355],[2.12,-21.184]],"c":true},"ix":2},"nm":"Path 1","mn":"ADBE Vector Shape - Group","hd":false},{"ty":"fl","c":{"a":0,"k":[1,0.713999968884,0.681999954523,1],"ix":4},"o":{"a":0,"k":100,"ix":5},"r":1,"bm":0,"nm":"Fill 1","mn":"ADBE Vector Graphic - Fill","hd":false},{"ty":"tr","p":{"a":0,"k":[23.352,21.434],"ix":2},"a":{"a":0,"k":[0,0],"ix":1},"s":{"a":0,"k":[100,100],"ix":3},"r":{"a":0,"k":0,"ix":6},"o":{"a":0,"k":100,"ix":7},"sk":{"a":0,"k":0,"ix":4},"sa":{"a":0,"k":0,"ix":5},"nm":"Transform"}],"nm":"Group 1","np":2,"cix":2,"bm":0,"ix":1,"mn":"ADBE Vector Group","hd":false}],"ip":0,"op":120.0000048877,"st":0,"bm":0},{"ddd":0,"ind":11,"ty":4,"nm":"left hand Outlines","sr":1,"ks":{"o":{"a":0,"k":100,"ix":11},"r":{"a":0,"k":0,"ix":10},"p":{"a":1,"k":[{"i":{"x":0.667,"y":1},"o":{"x":0.333,"y":0},"t":0,"s":[299.214,288.538,0],"to":[0,-0.256,0],"ti":[0,0,0]},{"i":{"x":0.667,"y":1},"o":{"x":0.333,"y":0},"t":15,"s":[299.214,287,0],"to":[0,0,0],"ti":[0,-0.256,0]},{"t":30.0000012219251,"s":[299.214,288.538,0]}],"ix":2},"a":{"a":0,"k":[29.524,10.034,0],"ix":1},"s":{"a":0,"k":[200,200,100],"ix":6}},"ao":0,"shapes":[{"ty":"gr","it":[{"ind":0,"ty":"sh","ix":1,"ks":{"a":0,"k":{"i":[[-1.441,-2.147],[-0.348,-0.743],[-0.022,-0.206],[-0.042,-0.04],[-0.072,0.279],[0.128,0.429],[0.731,1.096],[0.148,-0.122]],"o":[[0.717,1.074],[0.175,0.37],[0.025,0.205],[0.023,0.033],[0.07,-0.273],[-0.256,-0.861],[-1.47,-2.19],[-0.157,0.126]],"v":[[-3.291,1.594],[-1.608,4.4],[-1.311,5.283],[-1.299,5.641],[-1.035,5.311],[-1.136,4.223],[-2.699,1.2],[-5.802,-2.404]],"c":true},"ix":2},"nm":"Path 1","mn":"ADBE Vector Shape - Group","hd":false},{"ind":1,"ty":"sh","ix":2,"ks":{"a":0,"k":{"i":[[-0.537,-0.864],[-0.761,-1.332],[-0.298,-0.929],[0.018,-0.254],[-0.044,-0.039],[-0.121,0.305],[0.1,0.52],[0.774,1.361],[0.219,-0.218]],"o":[[0.535,0.856],[0.758,1.331],[0.151,0.463],[-0.018,0.252],[0.025,0.03],[0.116,-0.302],[-0.196,-1.048],[-1.556,-2.713],[-0.027,0.041]],"v":[[-1.708,-3.271],[0.329,0.1],[2.008,3.6],[2.202,4.7],[2.15,5.126],[2.473,4.76],[2.497,3.48],[0.949,-0.253],[-2.544,-4.682]],"c":true},"ix":2},"nm":"Path 2","mn":"ADBE Vector Shape - Group","hd":false},{"ind":2,"ty":"sh","ix":3,"ks":{"a":0,"k":{"i":[[-0.173,0.099],[-1.396,-2.668],[-0.269,-0.598],[-0.067,-0.531],[0.147,-0.263],[0.033,0.027],[0.27,0.887],[0.302,0.581],[0.342,0.654]],"o":[[0.169,-0.096],[0.348,0.668],[0.264,0.587],[0.081,0.526],[-0.144,0.269],[-0.089,-0.054],[-0.114,-0.442],[-0.307,-0.589],[-1.387,-2.652]],"v":[[1.443,-5.577],[4.362,-0.971],[5.296,0.939],[5.879,2.633],[5.717,3.88],[5.392,4.21],[5.385,2.734],[4.704,1.225],[3.73,-0.641]],"c":true},"ix":2},"nm":"Path 3","mn":"ADBE Vector Shape - Group","hd":false},{"ty":"mm","mm":1,"nm":"Merge Paths 1","mn":"ADBE Vector Filter - Merge","hd":false},{"ty":"fl","c":{"a":0,"k":[0.969000004787,0.552999997606,0.536999990426,1],"ix":4},"o":{"a":0,"k":100,"ix":5},"r":1,"bm":0,"nm":"Fill 1","mn":"ADBE Vector Graphic - Fill","hd":false},{"ty":"tr","p":{"a":0,"k":[50.554,13.808],"ix":2},"a":{"a":0,"k":[0,0],"ix":1},"s":{"a":0,"k":[100,100],"ix":3},"r":{"a":0,"k":0,"ix":6},"o":{"a":0,"k":100,"ix":7},"sk":{"a":0,"k":0,"ix":4},"sa":{"a":0,"k":0,"ix":5},"nm":"Transform"}],"nm":"Group 1","np":5,"cix":2,"bm":0,"ix":1,"mn":"ADBE Vector Group","hd":false},{"ty":"gr","it":[{"ind":0,"ty":"sh","ix":1,"ks":{"a":0,"k":{"i":[[-6.532,0],[-5.502,0],[-2.025,-3.45],[0.844,-1.714],[0,0],[0.852,-0.28],[0.376,0.22],[1.231,-0.218],[0,0],[1.823,0],[0,0],[3.757,1.016],[0,0],[5.496,0.665],[0,4.026],[-9.558,0]],"o":[[6.532,0],[4.126,0],[2.023,3.45],[-0.604,1.225],[0,0],[-0.852,0.28],[0,0],[-1.232,0.217],[0,0],[-1.823,0],[0,0],[-3.272,-0.886],[-11.866,0],[-5.495,-0.666],[0,-4.024],[9.558,0]],"v":[[5.174,-5.176],[17.901,-5.016],[26.474,-1.475],[28.43,6.562],[26.421,7.986],[25.245,8.775],[23.181,8.902],[21.384,9.566],[19.731,9.415],[17.522,9.729],[14.231,8.833],[6.731,8.107],[2.752,6.449],[-20.43,5.992],[-29.274,-1.934],[-16.604,-9.783]],"c":true},"ix":2},"nm":"Path 1","mn":"ADBE Vector Shape - Group","hd":false},{"ty":"fl","c":{"a":1,"k":[{"i":{"x":[0.667],"y":[1]},"o":{"x":[0.333],"y":[0]},"t":30,"s":[1,0.647058844566,0.611764729023,1]},{"i":{"x":[0.667],"y":[1]},"o":{"x":[0.333],"y":[0]},"t":40,"s":[1,0.713999968884,0.681999954523,1]},{"i":{"x":[0.667],"y":[1]},"o":{"x":[0.333],"y":[0]},"t":110,"s":[1,0.713999968884,0.681999954523,1]},{"t":120.0000048877,"s":[1,0.647058844566,0.611764729023,1]}],"ix":4},"o":{"a":0,"k":100,"ix":5},"r":1,"bm":0,"nm":"Fill 1","mn":"ADBE Vector Graphic - Fill","hd":false},{"ty":"tr","p":{"a":0,"k":[29.524,10.033],"ix":2},"a":{"a":0,"k":[0,0],"ix":1},"s":{"a":0,"k":[100,100],"ix":3},"r":{"a":0,"k":0,"ix":6},"o":{"a":0,"k":100,"ix":7},"sk":{"a":0,"k":0,"ix":4},"sa":{"a":0,"k":0,"ix":5},"nm":"Transform"}],"nm":"Group 2","np":2,"cix":2,"bm":0,"ix":2,"mn":"ADBE Vector Group","hd":false}],"ip":0,"op":120.0000048877,"st":0,"bm":0},{"ddd":0,"ind":12,"ty":4,"nm":"body Outlines","sr":1,"ks":{"o":{"a":0,"k":100,"ix":11},"r":{"a":0,"k":0,"ix":10},"p":{"a":0,"k":[343.098,291.964,0],"ix":2},"a":{"a":0,"k":[51.465,81.442,0],"ix":1},"s":{"a":1,"k":[{"i":{"x":[0.667,0.667,0.667],"y":[1,1,1]},"o":{"x":[0.333,0.333,0.333],"y":[0,0,0]},"t":0,"s":[200,200,100]},{"i":{"x":[0.667,0.667,0.667],"y":[1,1,1]},"o":{"x":[0.333,0.333,0.333],"y":[0,0,0]},"t":15,"s":[200,195,100]},{"i":{"x":[0.667,0.667,0.667],"y":[1,1,1]},"o":{"x":[0.333,0.333,0.333],"y":[0,0,0]},"t":30,"s":[200,200,100]},{"i":{"x":[0.667,0.667,0.667],"y":[1,1,1]},"o":{"x":[0.333,0.333,0.333],"y":[0,0,0]},"t":90,"s":[200,200,100]},{"i":{"x":[0.667,0.667,0.667],"y":[1,1,1]},"o":{"x":[0.333,0.333,0.333],"y":[0,0,0]},"t":110,"s":[200,196,100]},{"t":119.000004846969,"s":[200,200,100]}],"ix":6}},"ao":0,"shapes":[{"ty":"gr","it":[{"ind":0,"ty":"sh","ix":1,"ks":{"a":0,"k":{"i":[[0,0]],"o":[[0,0]],"v":[[-46.458,60.46]],"c":false},"ix":2},"nm":"Path 1","mn":"ADBE Vector Shape - Group","hd":false},{"ty":"st","c":{"a":0,"k":[0.3333333333333333,0.3843137254901961,0.6235294117647059,1],"ix":3},"o":{"a":0,"k":100,"ix":4},"w":{"a":0,"k":0,"ix":5},"lc":1,"lj":1,"ml":4,"bm":0,"nm":"Stroke 1","mn":"ADBE Vector Graphic - Stroke","hd":false},{"ty":"fl","c":{"a":0,"k":[0.3333333333333333,0.3843137254901961,0.6235294117647059,1],"ix":4},"o":{"a":0,"k":100,"ix":5},"r":1,"bm":0,"nm":"Fill 1","mn":"ADBE Vector Graphic - Fill","hd":false},{"ty":"tr","p":{"a":0,"k":[0,0],"ix":2},"a":{"a":0,"k":[0,0],"ix":1},"s":{"a":0,"k":[100,100],"ix":3},"r":{"a":0,"k":0,"ix":6},"o":{"a":0,"k":100,"ix":7},"sk":{"a":0,"k":0,"ix":4},"sa":{"a":0,"k":0,"ix":5},"nm":"Transform"}],"nm":"Shape 1","np":3,"cix":2,"bm":0,"ix":1,"mn":"ADBE Vector Group","hd":false},{"ty":"gr","it":[{"ind":0,"ty":"sh","ix":1,"ks":{"a":0,"k":{"i":[[0,0],[0,0],[1.232,-20.901]],"o":[[0,0],[0,0],[0,0]],"v":[[-2.807,11.232],[0.335,-16.447],[1.576,16.447]],"c":true},"ix":2},"nm":"Path 1","mn":"ADBE Vector Shape - Group","hd":false},{"ty":"fl","c":{"a":0,"k":[0.29411764705882354,0.3411764705882353,0.5725490196078431,1],"ix":4},"o":{"a":0,"k":100,"ix":5},"r":1,"bm":0,"nm":"Fill 1","mn":"ADBE Vector Graphic - Fill","hd":false},{"ty":"tr","p":{"a":0,"k":[24.388,63.213],"ix":2},"a":{"a":0,"k":[0,0],"ix":1},"s":{"a":0,"k":[100,100],"ix":3},"r":{"a":0,"k":0,"ix":6},"o":{"a":0,"k":100,"ix":7},"sk":{"a":0,"k":0,"ix":4},"sa":{"a":0,"k":0,"ix":5},"nm":"Transform"}],"nm":"Group 1","np":2,"cix":2,"bm":0,"ix":2,"mn":"ADBE Vector Group","hd":false},{"ty":"gr","it":[{"ind":0,"ty":"sh","ix":1,"ks":{"a":0,"k":{"i":[[8.058,11.247],[0,0],[-0.377,-2.194],[0,0]],"o":[[0,0],[0,2.387],[0.43,2.505],[0,0]],"v":[[-9.973,-5.243],[8.353,-6.004],[9.083,1.272],[9.973,5.63]],"c":true},"ix":2},"nm":"Path 1","mn":"ADBE Vector Shape - Group","hd":false},{"ty":"fl","c":{"a":0,"k":[0.969000004787,0.552999997606,0.536999990426,1],"ix":4},"o":{"a":0,"k":100,"ix":5},"r":1,"bm":0,"nm":"Fill 1","mn":"ADBE Vector Graphic - Fill","hd":false},{"ty":"tr","p":{"a":0,"k":[58.157,6.255],"ix":2},"a":{"a":0,"k":[0,0],"ix":1},"s":{"a":0,"k":[100,100],"ix":3},"r":{"a":0,"k":0,"ix":6},"o":{"a":0,"k":100,"ix":7},"sk":{"a":0,"k":0,"ix":4},"sa":{"a":0,"k":0,"ix":5},"nm":"Transform"}],"nm":"Group 2","np":2,"cix":2,"bm":0,"ix":3,"mn":"ADBE Vector Group","hd":false},{"ty":"gr","it":[{"ind":0,"ty":"sh","ix":1,"ks":{"a":0,"k":{"i":[[-0.306,1.95],[0,6.099],[0,0],[0,0],[-2.585,-1.29],[10.014,0],[0,0]],"o":[[0,0],[0,0],[0,5.113],[0.306,1.95],[0,0],[-10.014,0],[2.586,-1.29]],"v":[[-10.6,0.796],[-9.34,-10.837],[8.98,-10.837],[10.6,0.796],[15.315,5.452],[0,10.837],[-15.315,5.452]],"c":true},"ix":2},"nm":"Path 1","mn":"ADBE Vector Shape - Group","hd":false},{"ty":"fl","c":{"a":0,"k":[1,0.647000002394,0.611999990426,1],"ix":4},"o":{"a":0,"k":100,"ix":5},"r":1,"bm":0,"nm":"Fill 1","mn":"ADBE Vector Graphic - Fill","hd":false},{"ty":"tr","p":{"a":0,"k":[57.53,11.088],"ix":2},"a":{"a":0,"k":[0,0],"ix":1},"s":{"a":0,"k":[100,100],"ix":3},"r":{"a":0,"k":0,"ix":6},"o":{"a":0,"k":100,"ix":7},"sk":{"a":0,"k":0,"ix":4},"sa":{"a":0,"k":0,"ix":5},"nm":"Transform"}],"nm":"Group 3","np":2,"cix":2,"bm":0,"ix":4,"mn":"ADBE Vector Group","hd":false},{"ty":"gr","it":[{"ind":0,"ty":"sh","ix":1,"ks":{"a":1,"k":[{"i":{"x":0.833,"y":0.833},"o":{"x":0.333,"y":0},"t":0,"s":[{"i":[[-5.395,2.689],[-8.215,-5.444],[-6.983,-5.5],[-0.542,-7.531],[-0.608,-8.351],[0,0],[0,0],[0,1.867],[-3.425,10.184],[-7.038,6.731]],"o":[[0,0],[5.918,3.921],[6.987,5.503],[0.463,6.425],[0.24,3.301],[0,0],[-5.481,1.828],[0,-4.91],[3.046,-9.056],[5.493,-5.252]],"v":[[-9.25,-30.576],[21.379,-30.576],[40.698,-20.182],[50.506,-0.894],[52.976,30.214],[43.198,34.191],[-42.263,34.191],[-51.215,30.68],[-44.559,5.068],[-31.89,-19.501]],"c":true}]},{"i":{"x":0.667,"y":1},"o":{"x":0.167,"y":0.167},"t":30,"s":[{"i":[[-5.395,2.689],[-8.215,-5.444],[-6.983,-5.5],[-0.542,-7.531],[0.08,-8.367],[0,0],[0,0],[0,1.867],[-3.425,10.184],[-7.038,6.731]],"o":[[0,0],[5.918,3.921],[6.987,5.503],[0.463,6.425],[-0.036,3.472],[0,0],[-5.481,1.828],[0,-4.91],[3.046,-9.056],[5.493,-5.252]],"v":[[-9.25,-30.576],[21.379,-30.576],[40.698,-20.182],[50.506,-0.894],[52.795,30.34],[43.198,34.191],[-42.263,34.191],[-51.215,30.68],[-44.559,5.068],[-31.89,-19.501]],"c":true}]},{"i":{"x":0.667,"y":1},"o":{"x":0.333,"y":0},"t":40,"s":[{"i":[[-5.395,2.689],[-8.215,-5.444],[-6.983,-5.5],[-0.542,-7.531],[0.207,-8.371],[0,0],[0,0],[0,1.867],[-3.425,10.184],[-7.038,6.731]],"o":[[0,0],[5.918,3.921],[6.987,5.503],[0.463,6.425],[-0.087,3.503],[0,0],[-5.481,1.828],[0,-4.91],[3.046,-9.056],[5.493,-5.252]],"v":[[-9.25,-30.576],[21.379,-30.576],[40.698,-20.182],[50.506,-0.894],[51.946,30.438],[43.198,34.191],[-42.263,34.191],[-51.215,30.68],[-44.559,5.068],[-31.89,-19.501]],"c":true}]},{"i":{"x":0.667,"y":1},"o":{"x":0.333,"y":0},"t":50,"s":[{"i":[[-5.395,2.689],[-8.215,-5.444],[-6.983,-5.5],[-0.542,-7.531],[-0.608,-8.351],[0,0],[0,0],[0,1.867],[-3.425,10.184],[-7.038,6.731]],"o":[[0,0],[5.918,3.921],[6.987,5.503],[0.463,6.425],[0.24,3.301],[0,0],[-5.481,1.828],[0,-4.91],[3.046,-9.056],[5.493,-5.252]],"v":[[-9.25,-30.576],[21.379,-30.576],[42.601,-22.154],[50.506,-0.894],[52.038,28.725],[43.198,34.191],[-42.263,34.191],[-51.215,30.68],[-44.559,5.068],[-31.89,-19.501]],"c":true}]},{"i":{"x":0.667,"y":1},"o":{"x":0.333,"y":0},"t":100,"s":[{"i":[[-5.395,2.689],[-8.215,-5.444],[-6.983,-5.5],[-0.542,-7.531],[-0.608,-8.351],[0,0],[0,0],[0,1.867],[-3.425,10.184],[-7.038,6.731]],"o":[[0,0],[5.918,3.921],[6.987,5.503],[0.463,6.425],[0.24,3.301],[0,0],[-5.481,1.828],[0,-4.91],[3.046,-9.056],[5.493,-5.252]],"v":[[-9.25,-30.576],[21.379,-30.576],[42.601,-22.154],[50.506,-0.894],[52.038,28.725],[43.198,34.191],[-42.263,34.191],[-51.215,30.68],[-44.559,5.068],[-31.89,-19.501]],"c":true}]},{"i":{"x":0.833,"y":0.833},"o":{"x":0.333,"y":0},"t":110,"s":[{"i":[[-5.395,2.689],[-8.215,-5.444],[-6.983,-5.5],[-0.542,-7.531],[0.207,-8.371],[0,0],[0,0],[0,1.867],[-3.425,10.184],[-7.038,6.731]],"o":[[0,0],[5.918,3.921],[6.987,5.503],[0.463,6.425],[-0.087,3.503],[0,0],[-5.481,1.828],[0,-4.91],[3.046,-9.056],[5.493,-5.252]],"v":[[-9.25,-30.576],[21.379,-30.576],[40.698,-20.182],[50.506,-0.894],[51.946,30.438],[43.198,34.191],[-42.263,34.191],[-51.215,30.68],[-44.559,5.068],[-31.89,-19.501]],"c":true}]},{"t":119.000004846969,"s":[{"i":[[-5.395,2.689],[-8.215,-5.444],[-6.983,-5.5],[-0.542,-7.531],[0.08,-8.367],[0,0],[0,0],[0,1.867],[-3.425,10.184],[-7.038,6.731]],"o":[[0,0],[5.918,3.921],[6.987,5.503],[0.463,6.425],[-0.036,3.472],[0,0],[-5.481,1.828],[0,-4.91],[3.046,-9.056],[5.493,-5.252]],"v":[[-9.25,-30.576],[21.379,-30.576],[40.698,-20.182],[50.506,-0.894],[52.795,30.34],[43.198,34.191],[-42.263,34.191],[-51.215,30.68],[-44.559,5.068],[-31.89,-19.501]],"c":true}]}],"ix":2},"nm":"Path 1","mn":"ADBE Vector Shape - Group","hd":false},{"ty":"fl","c":{"a":0,"k":[0.3333333333333333,0.3843137254901961,0.6235294117647059,1],"ix":4},"o":{"a":0,"k":100,"ix":5},"r":1,"bm":0,"nm":"Fill 1","mn":"ADBE Vector Graphic - Fill","hd":false},{"ty":"tr","p":{"a":0,"k":[51.465,47.114],"ix":2},"a":{"a":0,"k":[0,0],"ix":1},"s":{"a":0,"k":[100,100],"ix":3},"r":{"a":0,"k":0,"ix":6},"o":{"a":0,"k":100,"ix":7},"sk":{"a":0,"k":0,"ix":4},"sa":{"a":0,"k":0,"ix":5},"nm":"Transform"}],"nm":"Group 4","np":2,"cix":2,"bm":0,"ix":5,"mn":"ADBE Vector Group","hd":false}],"ip":0,"op":120.0000048877,"st":0,"bm":0},{"ddd":0,"ind":13,"ty":4,"nm":"hair Outlines","parent":10,"sr":1,"ks":{"o":{"a":0,"k":100,"ix":11},"r":{"a":0,"k":0,"ix":10},"p":{"a":0,"k":[23.441,15.273,0],"ix":2},"a":{"a":0,"k":[27.1,28.141,0],"ix":1},"s":{"a":0,"k":[100,100,100],"ix":6}},"ao":0,"shapes":[{"ty":"gr","it":[{"ind":0,"ty":"sh","ix":1,"ks":{"a":1,"k":[{"i":{"x":0.667,"y":1},"o":{"x":0.333,"y":0},"t":35,"s":[{"i":[[-1.432,-4.313],[1.175,-4.544],[-0.875,-14.385],[0,0],[0.923,4.552],[-0.855,3.547],[-3.056,5.581],[-4.762,1.454],[-1.785,0],[-4.068,-0.979],[-3.075,-5.084]],"o":[[1.296,3.904],[-0.988,3.818],[0,0],[0.642,-12.633],[-0.923,-4.55],[0.856,-3.546],[3.347,-6.114],[4.9,-1.496],[1.785,0],[4.353,1.049],[2.407,3.979]],"v":[[25.224,-4.361],[25.675,7.706],[23.245,27.891],[-22.232,27.755],[-25.927,7.961],[-25.291,-2.755],[-21.027,-15.69],[-8.829,-26.395],[-0.088,-26.436],[8.234,-26.639],[20.135,-17.281]],"c":true}]},{"i":{"x":0.667,"y":1},"o":{"x":0.333,"y":0},"t":50,"s":[{"i":[[-1.432,-4.313],[0.392,-4.677],[-1.1,-6.687],[0,0],[0.923,4.552],[-0.855,3.547],[-3.056,5.581],[-4.762,1.454],[-1.785,0],[-4.068,-0.979],[-3.075,-5.084]],"o":[[1.296,3.904],[-0.344,4.106],[0,0],[-1.609,-11.328],[-0.923,-4.55],[0.856,-3.546],[3.347,-6.114],[4.9,-1.496],[1.785,0],[4.353,1.049],[2.407,3.979]],"v":[[25.224,-4.361],[25.877,9.067],[26.185,26.079],[-18.383,29.145],[-25.492,7.91],[-25.291,-2.755],[-21.027,-15.69],[-8.829,-26.395],[-0.088,-26.436],[8.234,-26.639],[20.135,-17.281]],"c":true}]},{"i":{"x":0.667,"y":1},"o":{"x":0.333,"y":0},"t":55,"s":[{"i":[[-1.432,-4.313],[0.392,-4.677],[-2.653,-8.013],[0,0],[0.923,4.552],[-0.855,3.547],[-3.056,5.581],[-4.762,1.454],[-1.785,0],[-4.068,-0.979],[-3.075,-5.084]],"o":[[1.296,3.904],[-0.344,4.106],[0,0],[-1.609,-11.328],[-0.923,-4.55],[0.856,-3.546],[3.347,-6.114],[4.9,-1.496],[1.785,0],[4.353,1.049],[2.407,3.979]],"v":[[25.224,-4.361],[25.877,9.067],[25.133,25.699],[-19.092,29.496],[-25.492,7.91],[-25.291,-2.755],[-21.027,-15.69],[-8.829,-26.395],[-0.088,-26.436],[8.234,-26.639],[20.135,-17.281]],"c":true}]},{"i":{"x":0.833,"y":1},"o":{"x":0.333,"y":0},"t":90,"s":[{"i":[[-1.432,-4.313],[0.392,-4.677],[-2.653,-8.013],[0,0],[0.923,4.552],[-0.855,3.547],[-3.056,5.581],[-4.762,1.454],[-1.785,0],[-4.068,-0.979],[-3.075,-5.084]],"o":[[1.296,3.904],[-0.344,4.106],[0,0],[-1.609,-11.328],[-0.923,-4.55],[0.856,-3.546],[3.347,-6.114],[4.9,-1.496],[1.785,0],[4.353,1.049],[2.407,3.979]],"v":[[25.224,-4.361],[25.877,9.067],[25.133,25.699],[-19.092,29.496],[-25.492,7.91],[-25.291,-2.755],[-21.027,-15.69],[-8.829,-26.395],[-0.088,-26.436],[8.234,-26.639],[20.135,-17.281]],"c":true}]},{"t":100.000004073084,"s":[{"i":[[-1.432,-4.313],[1.175,-4.544],[-0.875,-14.385],[0,0],[0.923,4.552],[-0.855,3.547],[-3.056,5.581],[-4.762,1.454],[-1.785,0],[-4.068,-0.979],[-3.075,-5.084]],"o":[[1.296,3.904],[-0.988,3.818],[0,0],[0.642,-12.633],[-0.923,-4.55],[0.856,-3.546],[3.347,-6.114],[4.9,-1.496],[1.785,0],[4.353,1.049],[2.407,3.979]],"v":[[25.224,-4.361],[25.675,7.706],[23.245,27.891],[-22.232,27.755],[-25.927,7.961],[-25.291,-2.755],[-21.027,-15.69],[-8.829,-26.395],[-0.088,-26.436],[8.234,-26.639],[20.135,-17.281]],"c":true}]}],"ix":2},"nm":"Path 1","mn":"ADBE Vector Shape - Group","hd":false},{"ty":"fl","c":{"a":0,"k":[0.1450980392156863,0.1411764705882353,0.1411764705882353,1],"ix":4},"o":{"a":0,"k":100,"ix":5},"r":1,"bm":0,"nm":"Fill 1","mn":"ADBE Vector Graphic - Fill","hd":false},{"ty":"tr","p":{"a":0,"k":[27.1,28.141],"ix":2},"a":{"a":0,"k":[0,0],"ix":1},"s":{"a":0,"k":[100,100],"ix":3},"r":{"a":0,"k":0,"ix":6},"o":{"a":0,"k":100,"ix":7},"sk":{"a":0,"k":0,"ix":4},"sa":{"a":0,"k":0,"ix":5},"nm":"Transform"}],"nm":"Group 1","np":2,"cix":2,"bm":0,"ix":1,"mn":"ADBE Vector Group","hd":false}],"ip":0,"op":120.0000048877,"st":0,"bm":0}],"markers":[]}