{"v":"5.5.7","meta":{"g":"LottieFiles AE 0.1.20","a":"","k":"","d":"","tc":""},"fr":30,"ip":0,"op":120,"w":343,"h":174,"nm":"persona-ok","ddd":0,"assets":[],"layers":[{"ddd":0,"ind":1,"ty":4,"nm":"nose","parent":10,"sr":1,"ks":{"o":{"a":0,"k":100,"ix":11},"r":{"a":0,"k":0,"ix":10},"p":{"a":1,"k":[{"i":{"x":0.667,"y":1},"o":{"x":0.333,"y":0},"t":0,"s":[180,55,0],"to":[0,0,0],"ti":[0,0,0]},{"i":{"x":0.667,"y":1},"o":{"x":0.333,"y":0},"t":15,"s":[180,56.5,0],"to":[0,0,0],"ti":[0,0,0]},{"i":{"x":0.667,"y":0.667},"o":{"x":0.333,"y":0.333},"t":30,"s":[180,55,0],"to":[0,0,0],"ti":[0,0,0]},{"i":{"x":0.667,"y":1},"o":{"x":0.333,"y":0},"t":98,"s":[180,55,0],"to":[0,0,0],"ti":[0,0,0]},{"i":{"x":0.667,"y":1},"o":{"x":0.333,"y":0},"t":110,"s":[179.973,55.5,0],"to":[0,0,0],"ti":[0,0,0]},{"t":120,"s":[180,55,0]}],"ix":2},"a":{"a":0,"k":[180,55,0],"ix":1},"s":{"a":0,"k":[100,100,100],"ix":6}},"ao":0,"shapes":[{"ty":"gr","it":[{"ind":0,"ty":"sh","ix":1,"ks":{"a":0,"k":{"i":[[0.481,0.277],[-0.178,0.309],[0.053,0.214],[0.198,0.398],[0.204,0.507],[-0.409,-0.32],[-0.179,-0.2],[-0.06,-0.337],[0.517,-0.336]],"o":[[0.471,-0.291],[0.172,-0.312],[0.012,-0.178],[-0.215,-0.398],[0.548,0.077],[0.214,0.155],[0.158,0.171],[0.124,0.735],[-0.499,0.365]],"v":[[-1.269,1.867],[-0.344,0.964],[-0.171,0.161],[-0.626,-0.823],[-1.269,-2.144],[0.157,-1.502],[0.722,-0.95],[1.146,-0.062],[0.384,1.712]],"c":true},"ix":2},"nm":"Path 1","mn":"ADBE Vector Shape - Group","hd":false},{"ty":"fl","c":{"a":0,"k":[0.910000011968,0.497999991623,0.46699999641,1],"ix":4},"o":{"a":0,"k":100,"ix":5},"r":1,"bm":0,"nm":"Fill 1","mn":"ADBE Vector Graphic - Fill","hd":false},{"ty":"tr","p":{"a":0,"k":[179.314,54.532],"ix":2},"a":{"a":0,"k":[0,0],"ix":1},"s":{"a":0,"k":[100,100],"ix":3},"r":{"a":0,"k":0,"ix":6},"o":{"a":0,"k":100,"ix":7},"sk":{"a":0,"k":0,"ix":4},"sa":{"a":0,"k":0,"ix":5},"nm":"Transform"}],"nm":"Group 1","np":2,"cix":2,"bm":0,"ix":1,"mn":"ADBE Vector Group","hd":false}],"ip":0,"op":122,"st":0,"bm":0},{"ddd":0,"ind":2,"ty":4,"nm":"eyebrows","parent":10,"sr":1,"ks":{"o":{"a":0,"k":100,"ix":11},"r":{"a":0,"k":0,"ix":10},"p":{"a":1,"k":[{"i":{"x":0.667,"y":1},"o":{"x":0.333,"y":0},"t":0,"s":[178.75,42,0],"to":[0,0,0],"ti":[0,0,0]},{"i":{"x":0.667,"y":1},"o":{"x":0.333,"y":0},"t":15,"s":[178.75,43.5,0],"to":[0,0,0],"ti":[0,0,0]},{"i":{"x":0.667,"y":0.667},"o":{"x":0.333,"y":0.333},"t":30,"s":[178.75,42,0],"to":[0,0,0],"ti":[0,0,0]},{"i":{"x":0.667,"y":1},"o":{"x":0.333,"y":0},"t":35,"s":[178.75,42,0],"to":[0,0,0],"ti":[0,0,0]},{"i":{"x":0.667,"y":0.667},"o":{"x":0.333,"y":0.333},"t":55,"s":[178.75,41.5,0],"to":[0,0,0],"ti":[0,0,0]},{"i":{"x":0.667,"y":1},"o":{"x":0.333,"y":0},"t":98,"s":[178.75,41.5,0],"to":[0,0,0],"ti":[0,0,0]},{"i":{"x":0.667,"y":1},"o":{"x":0.333,"y":0},"t":110,"s":[178.707,42.001,0],"to":[0,0,0],"ti":[0,0,0]},{"t":120,"s":[178.75,42,0]}],"ix":2},"a":{"a":0,"k":[178.75,42,0],"ix":1},"s":{"a":0,"k":[100,100,100],"ix":6}},"ao":0,"shapes":[{"ty":"gr","it":[{"ind":0,"ty":"sh","ix":1,"ks":{"a":0,"k":{"i":[[-0.353,0.279],[-0.747,0.093],[-0.636,-0.2],[0.05,-0.355],[1.234,-0.106],[0.595,-0.066],[0.352,0.025],[0.133,0.3]],"o":[[0.353,-0.278],[1.025,-0.127],[0.511,0.18],[-0.077,0.564],[-0.427,0.036],[-0.616,0.068],[-0.463,-0.032],[-0.128,-0.289]],"v":[[-2.52,-0.281],[-0.566,-0.891],[2.176,-0.751],[2.87,0.054],[1.048,0.767],[-0.497,0.914],[-1.934,0.993],[-2.792,0.524]],"c":true},"ix":2},"nm":"Path 1","mn":"ADBE Vector Shape - Group","hd":false},{"ty":"fl","c":{"a":0,"k":[0.1450980392156863,0.1411764705882353,0.1411764705882353,1],"ix":4},"o":{"a":0,"k":100,"ix":5},"r":1,"bm":0,"nm":"Fill 1","mn":"ADBE Vector Graphic - Fill","hd":false},{"ty":"tr","p":{"a":0,"k":[170.899,42.109],"ix":2},"a":{"a":0,"k":[0,0],"ix":1},"s":{"a":0,"k":[100,100],"ix":3},"r":{"a":0,"k":0,"ix":6},"o":{"a":0,"k":100,"ix":7},"sk":{"a":0,"k":0,"ix":4},"sa":{"a":0,"k":0,"ix":5},"nm":"Transform"}],"nm":"Group 1","np":2,"cix":2,"bm":0,"ix":1,"mn":"ADBE Vector Group","hd":false},{"ty":"gr","it":[{"ind":0,"ty":"sh","ix":1,"ks":{"a":0,"k":{"i":[[0.353,0.279],[0.746,0.093],[0.634,-0.2],[-0.048,-0.354],[-1.235,-0.106],[-0.596,-0.066],[-0.351,0.025],[-0.132,0.3]],"o":[[-0.353,-0.278],[-1.026,-0.127],[-0.512,0.18],[0.079,0.564],[0.426,0.036],[0.616,0.069],[0.463,-0.032],[0.128,-0.289]],"v":[[2.52,-0.281],[0.567,-0.891],[-2.175,-0.751],[-2.872,0.054],[-1.047,0.767],[0.498,0.914],[1.934,0.993],[2.792,0.524]],"c":true},"ix":2},"nm":"Path 1","mn":"ADBE Vector Shape - Group","hd":false},{"ty":"fl","c":{"a":0,"k":[0.1450980392156863,0.1411764705882353,0.1411764705882353,1],"ix":4},"o":{"a":0,"k":100,"ix":5},"r":1,"bm":0,"nm":"Fill 1","mn":"ADBE Vector Graphic - Fill","hd":false},{"ty":"tr","p":{"a":0,"k":[185.189,42.108],"ix":2},"a":{"a":0,"k":[0,0],"ix":1},"s":{"a":0,"k":[100,100],"ix":3},"r":{"a":0,"k":0,"ix":6},"o":{"a":0,"k":100,"ix":7},"sk":{"a":0,"k":0,"ix":4},"sa":{"a":0,"k":0,"ix":5},"nm":"Transform"}],"nm":"Group 2","np":2,"cix":2,"bm":0,"ix":2,"mn":"ADBE Vector Group","hd":false}],"ip":0,"op":122,"st":0,"bm":0},{"ddd":0,"ind":3,"ty":4,"nm":"eyes","parent":10,"sr":1,"ks":{"o":{"a":0,"k":100,"ix":11},"r":{"a":0,"k":0,"ix":10},"p":{"a":1,"k":[{"i":{"x":0.667,"y":1},"o":{"x":0.333,"y":0},"t":0,"s":[178.25,48.75,0],"to":[0,0,0],"ti":[0,0,0]},{"i":{"x":0.667,"y":1},"o":{"x":0.333,"y":0},"t":15,"s":[178.25,50.25,0],"to":[0,0,0],"ti":[0,0,0]},{"i":{"x":0.667,"y":0.667},"o":{"x":0.333,"y":0.333},"t":30,"s":[178.25,48.75,0],"to":[0,0,0],"ti":[0,0,0]},{"i":{"x":0.667,"y":1},"o":{"x":0.333,"y":0},"t":98,"s":[178.25,48.75,0],"to":[0,0,0],"ti":[0,0,0]},{"i":{"x":0.667,"y":1},"o":{"x":0.333,"y":0},"t":110,"s":[178.223,49.25,0],"to":[0,0,0],"ti":[0,0,0]},{"t":120,"s":[178.25,48.75,0]}],"ix":2},"a":{"a":0,"k":[178.25,48.75,0],"ix":1},"s":{"a":1,"k":[{"i":{"x":[0.667,0.667,0.667],"y":[1,1,1]},"o":{"x":[0.333,0.333,0.333],"y":[0,0,0]},"t":8,"s":[100,100,100]},{"i":{"x":[0.667,0.667,0.667],"y":[1,1,1]},"o":{"x":[0.333,0.333,0.333],"y":[0,0,0]},"t":10,"s":[100,20,100]},{"i":{"x":[0.667,0.667,0.667],"y":[1,1,1]},"o":{"x":[0.333,0.333,0.333],"y":[0,0,0]},"t":12,"s":[100,100,100]},{"i":{"x":[0.667,0.667,0.667],"y":[1,1,1]},"o":{"x":[0.333,0.333,0.333],"y":[0,0,0]},"t":20,"s":[100,100,100]},{"i":{"x":[0.667,0.667,0.667],"y":[1,1,1]},"o":{"x":[0.333,0.333,0.333],"y":[0,0,0]},"t":22,"s":[100,20,100]},{"i":{"x":[0.667,0.667,0.667],"y":[1,1,1]},"o":{"x":[0.333,0.333,0.333],"y":[0,0,0]},"t":24,"s":[100,100,100]},{"i":{"x":[0.667,0.667,0.667],"y":[1,1,1]},"o":{"x":[0.333,0.333,0.333],"y":[0,0,0]},"t":60,"s":[100,100,100]},{"i":{"x":[0.667,0.667,0.667],"y":[1,1,1]},"o":{"x":[0.333,0.333,0.333],"y":[0,0,0]},"t":62,"s":[100,20,100]},{"i":{"x":[0.667,0.667,0.667],"y":[1,1,1]},"o":{"x":[0.333,0.333,0.333],"y":[0,0,0]},"t":64,"s":[100,100,100]},{"i":{"x":[0.667,0.667,0.667],"y":[1,1,1]},"o":{"x":[0.333,0.333,0.333],"y":[0,0,0]},"t":80,"s":[100,100,100]},{"i":{"x":[0.667,0.667,0.667],"y":[1,1,1]},"o":{"x":[0.333,0.333,0.333],"y":[0,0,0]},"t":82,"s":[100,20,100]},{"t":84,"s":[100,100,100]}],"ix":6}},"ao":0,"shapes":[{"ty":"gr","it":[{"ind":0,"ty":"sh","ix":1,"ks":{"a":0,"k":{"i":[[0,-1.272],[-0.957,0],[0,1.272],[0.957,0]],"o":[[0,1.272],[0.957,0],[0,-1.272],[-0.957,0]],"v":[[-1.733,0],[0,2.303],[1.733,0],[0,-2.303]],"c":true},"ix":2},"nm":"Path 1","mn":"ADBE Vector Shape - Group","hd":false},{"ty":"fl","c":{"a":0,"k":[0,0,0,1],"ix":4},"o":{"a":0,"k":100,"ix":5},"r":1,"bm":0,"nm":"Fill 1","mn":"ADBE Vector Graphic - Fill","hd":false},{"ty":"tr","p":{"a":0,"k":[171.855,48.308],"ix":2},"a":{"a":0,"k":[0,0],"ix":1},"s":{"a":0,"k":[100,100],"ix":3},"r":{"a":0,"k":0,"ix":6},"o":{"a":0,"k":100,"ix":7},"sk":{"a":0,"k":0,"ix":4},"sa":{"a":0,"k":0,"ix":5},"nm":"Transform"}],"nm":"Group 1","np":2,"cix":2,"bm":0,"ix":1,"mn":"ADBE Vector Group","hd":false},{"ty":"gr","it":[{"ind":0,"ty":"sh","ix":1,"ks":{"a":0,"k":{"i":[[0,-1.272],[0.957,0],[0,1.272],[-0.958,0]],"o":[[0,1.272],[-0.958,0],[0,-1.272],[0.957,0]],"v":[[1.733,0],[0.001,2.303],[-1.733,0],[0.001,-2.303]],"c":true},"ix":2},"nm":"Path 1","mn":"ADBE Vector Shape - Group","hd":false},{"ty":"fl","c":{"a":0,"k":[0,0,0,1],"ix":4},"o":{"a":0,"k":100,"ix":5},"r":1,"bm":0,"nm":"Fill 1","mn":"ADBE Vector Graphic - Fill","hd":false},{"ty":"tr","p":{"a":0,"k":[184.303,48.308],"ix":2},"a":{"a":0,"k":[0,0],"ix":1},"s":{"a":0,"k":[100,100],"ix":3},"r":{"a":0,"k":0,"ix":6},"o":{"a":0,"k":100,"ix":7},"sk":{"a":0,"k":0,"ix":4},"sa":{"a":0,"k":0,"ix":5},"nm":"Transform"}],"nm":"Group 2","np":2,"cix":2,"bm":0,"ix":2,"mn":"ADBE Vector Group","hd":false}],"ip":0,"op":122,"st":0,"bm":0},{"ddd":0,"ind":4,"ty":4,"nm":"mouth3","parent":10,"sr":1,"ks":{"o":{"a":0,"k":100,"ix":11},"r":{"a":0,"k":0,"ix":10},"p":{"a":1,"k":[{"i":{"x":0.667,"y":1},"o":{"x":0.333,"y":0},"t":98,"s":[171.5,87,0],"to":[0,0,0],"ti":[0,0,0]},{"i":{"x":0.667,"y":1},"o":{"x":0.333,"y":0},"t":110,"s":[171.473,87.5,0],"to":[0,0,0],"ti":[0,0,0]},{"t":120,"s":[171.5,87,0]}],"ix":2},"a":{"a":0,"k":[171.5,87,0],"ix":1},"s":{"a":0,"k":[100,100,100],"ix":6}},"ao":0,"shapes":[{"ty":"gr","it":[{"ind":0,"ty":"sh","ix":1,"ks":{"a":0,"k":{"i":[[0,0],[1.637,0.027],[0.835,0.329]],"o":[[-1.048,0.445],[-1.638,-0.027],[0,0]],"v":[[4.217,-0.342],[0.001,0.314],[-4.217,-0.342]],"c":false},"ix":2},"nm":"Path 1","mn":"ADBE Vector Shape - Group","hd":false},{"ty":"st","c":{"a":0,"k":[0.910000011968,0.497999991623,0.46699999641,1],"ix":3},"o":{"a":0,"k":100,"ix":4},"w":{"a":0,"k":1.337,"ix":5},"lc":2,"lj":1,"ml":10,"bm":0,"nm":"Stroke 1","mn":"ADBE Vector Graphic - Stroke","hd":false},{"ty":"tr","p":{"a":0,"k":[178.149,60.62],"ix":2},"a":{"a":0,"k":[0,0],"ix":1},"s":{"a":0,"k":[100,100],"ix":3},"r":{"a":0,"k":0,"ix":6},"o":{"a":0,"k":100,"ix":7},"sk":{"a":0,"k":0,"ix":4},"sa":{"a":0,"k":0,"ix":5},"nm":"Transform"}],"nm":"Group 1","np":2,"cix":2,"bm":0,"ix":1,"mn":"ADBE Vector Group","hd":false}],"ip":98,"op":120,"st":4,"bm":0},{"ddd":0,"ind":5,"ty":4,"nm":"mouth1","parent":10,"sr":1,"ks":{"o":{"a":0,"k":100,"ix":11},"r":{"a":0,"k":0,"ix":10},"p":{"a":1,"k":[{"i":{"x":0.667,"y":1},"o":{"x":0.333,"y":0},"t":0,"s":[171.5,87,0],"to":[0,0,0],"ti":[0,0,0]},{"i":{"x":0.667,"y":1},"o":{"x":0.333,"y":0},"t":15,"s":[171.5,88.5,0],"to":[0,0,0],"ti":[0,0,0]},{"t":30,"s":[171.5,87,0]}],"ix":2},"a":{"a":0,"k":[171.5,87,0],"ix":1},"s":{"a":0,"k":[100,100,100],"ix":6}},"ao":0,"shapes":[{"ty":"gr","it":[{"ind":0,"ty":"sh","ix":1,"ks":{"a":0,"k":{"i":[[0,0],[1.637,0.027],[0.835,0.329]],"o":[[-1.048,0.445],[-1.638,-0.027],[0,0]],"v":[[4.217,-0.342],[0.001,0.314],[-4.217,-0.342]],"c":false},"ix":2},"nm":"Path 1","mn":"ADBE Vector Shape - Group","hd":false},{"ty":"st","c":{"a":0,"k":[0.910000011968,0.497999991623,0.46699999641,1],"ix":3},"o":{"a":0,"k":100,"ix":4},"w":{"a":0,"k":1.337,"ix":5},"lc":2,"lj":1,"ml":10,"bm":0,"nm":"Stroke 1","mn":"ADBE Vector Graphic - Stroke","hd":false},{"ty":"tr","p":{"a":0,"k":[178.149,60.62],"ix":2},"a":{"a":0,"k":[0,0],"ix":1},"s":{"a":0,"k":[100,100],"ix":3},"r":{"a":0,"k":0,"ix":6},"o":{"a":0,"k":100,"ix":7},"sk":{"a":0,"k":0,"ix":4},"sa":{"a":0,"k":0,"ix":5},"nm":"Transform"}],"nm":"Group 1","np":2,"cix":2,"bm":0,"ix":1,"mn":"ADBE Vector Group","hd":false}],"ip":0,"op":47,"st":0,"bm":0},{"ddd":0,"ind":6,"ty":4,"nm":"mouth2","parent":10,"sr":1,"ks":{"o":{"a":0,"k":100,"ix":11},"r":{"a":0,"k":0,"ix":10},"p":{"a":0,"k":[178.75,60.5,0],"ix":2},"a":{"a":0,"k":[178.75,60.5,0],"ix":1},"s":{"a":1,"k":[{"i":{"x":[0.667,0.667,0.667],"y":[1,1,1]},"o":{"x":[0.333,0.051,0.333],"y":[0,1.884,0]},"t":47,"s":[100,36,100]},{"i":{"x":[0.667,0.667,0.667],"y":[1,1,1]},"o":{"x":[0.167,0.167,0.167],"y":[0,0,0]},"t":55,"s":[100,100,100]},{"i":{"x":[0.833,0.486,0.833],"y":[1,0.997,1]},"o":{"x":[0.167,0.167,0.167],"y":[0,0,0]},"t":94,"s":[100,100,100]},{"t":98,"s":[100,36,100]}],"ix":6}},"ao":0,"shapes":[{"ty":"gr","it":[{"ind":0,"ty":"sh","ix":1,"ks":{"a":0,"k":{"i":[[-1.967,0],[-0.82,-0.098],[0.371,-0.403],[2.36,0],[0.748,0.813],[-0.544,0.066]],"o":[[1.966,0],[0.544,0.066],[-0.748,0.813],[-2.361,0],[-0.371,-0.403],[0.82,-0.098]],"v":[[0.001,-1.59],[4.108,-1.391],[4.529,-0.266],[0.001,1.59],[-4.529,-0.266],[-4.109,-1.391]],"c":true},"ix":2},"nm":"Path 1","mn":"ADBE Vector Shape - Group","hd":false},{"ty":"fl","c":{"a":0,"k":[0.764999988032,0.289999988032,0.372999991623,1],"ix":4},"o":{"a":0,"k":100,"ix":5},"r":1,"bm":0,"nm":"Fill 1","mn":"ADBE Vector Graphic - Fill","hd":false},{"ty":"tr","p":{"a":0,"k":[178.149,61.4],"ix":2},"a":{"a":0,"k":[0,0],"ix":1},"s":{"a":0,"k":[100,100],"ix":3},"r":{"a":0,"k":0,"ix":6},"o":{"a":0,"k":100,"ix":7},"sk":{"a":0,"k":0,"ix":4},"sa":{"a":0,"k":0,"ix":5},"nm":"Transform"}],"nm":"Group 1","np":2,"cix":2,"bm":0,"ix":1,"mn":"ADBE Vector Group","hd":false}],"ip":47,"op":98,"st":-20,"bm":0},{"ddd":0,"ind":7,"ty":4,"nm":"right arm","sr":1,"ks":{"o":{"a":0,"k":100,"ix":11},"r":{"a":1,"k":[{"i":{"x":[0.43],"y":[0.956]},"o":{"x":[0.733],"y":[0.068]},"t":35,"s":[-15]},{"i":{"x":[0.667],"y":[1]},"o":{"x":[0.167],"y":[0]},"t":55,"s":[0]},{"i":{"x":[0.833],"y":[1]},"o":{"x":[0.455],"y":[0.376]},"t":98,"s":[0]},{"t":115,"s":[-15]}],"ix":10},"p":{"a":1,"k":[{"i":{"x":0.667,"y":1},"o":{"x":0.333,"y":0},"t":0,"s":[229.5,145,0],"to":[0,0.167,0],"ti":[0,-0.183,0]},{"i":{"x":0.667,"y":1},"o":{"x":0.333,"y":0},"t":15,"s":[229.5,145.429,0],"to":[0,0.23,0],"ti":[0,-0.093,0]},{"i":{"x":0.667,"y":0.992},"o":{"x":0.333,"y":0},"t":30,"s":[229.5,144.5,0],"to":[0,0.036,0],"ti":[0,-0.004,0]},{"i":{"x":0.667,"y":1},"o":{"x":0.333,"y":0.459},"t":55,"s":[227,146.556,0],"to":[0,0.015,0],"ti":[0,-0.073,0]},{"i":{"x":0.667,"y":1},"o":{"x":0.333,"y":0},"t":98,"s":[227,146.5,0],"to":[0,0.167,0],"ti":[0,-0.093,0]},{"t":120,"s":[229.5,145,0]}],"ix":2},"a":{"a":0,"k":[227,146,0],"ix":1},"s":{"a":0,"k":[100,100,100],"ix":6}},"ao":0,"shapes":[{"ty":"gr","it":[{"ind":0,"ty":"sh","ix":1,"ks":{"a":0,"k":{"i":[[-0.008,0.046],[-0.316,-0.063],[-0.298,-0.57],[0.47,-0.653],[0.378,-0.211],[0.407,-0.126],[1.073,-0.143],[0,0],[0.073,0.046],[-0.577,1.028],[0,0],[0,0],[-1.504,0.432],[-0.379,0.538],[0.179,0.428],[0.263,0.112]],"o":[[0.004,-0.034],[0.306,0.056],[0.302,0.56],[-0.228,0.329],[-0.386,0.22],[-1.561,0.448],[0,0],[-0.67,0.971],[-0.073,-0.045],[0,0],[0,0],[1.039,-0.237],[0.798,-0.216],[0.396,-0.509],[-0.171,-0.438],[-0.264,-0.121]],"v":[[2.012,-3.202],[2.508,-3.199],[3.617,-2.365],[3.376,-0.312],[2.46,0.528],[1.27,0.994],[-2.798,1.807],[-2.65,1.708],[-3.846,3.216],[-3.018,1.479],[-2.976,1.403],[-2.87,1.379],[1.1,0.425],[2.932,-0.63],[3.234,-2.19],[2.434,-2.98]],"c":true},"ix":2},"nm":"Path 1","mn":"ADBE Vector Shape - Group","hd":false},{"ty":"fl","c":{"a":0,"k":[0.910000011968,0.497999991623,0.46699999641,1],"ix":4},"o":{"a":0,"k":100,"ix":5},"r":1,"bm":0,"nm":"Fill 1","mn":"ADBE Vector Graphic - Fill","hd":false},{"ty":"tr","p":{"a":0,"k":[221.824,68.464],"ix":2},"a":{"a":0,"k":[0,0],"ix":1},"s":{"a":0,"k":[100,100],"ix":3},"r":{"a":0,"k":0,"ix":6},"o":{"a":0,"k":100,"ix":7},"sk":{"a":0,"k":0,"ix":4},"sa":{"a":0,"k":0,"ix":5},"nm":"Transform"}],"nm":"Group 1","np":2,"cix":2,"bm":0,"ix":1,"mn":"ADBE Vector Group","hd":false},{"ty":"gr","it":[{"ind":0,"ty":"sh","ix":1,"ks":{"a":0,"k":{"i":[[0,0],[-1.258,0.396],[-1.158,0.63],[2.095,0.294],[1.399,-0.565],[0,-2.121],[-1.144,-2.604],[-0.343,-1.014]],"o":[[0,0],[1.662,-0.522],[1.688,-0.917],[-2.244,-0.314],[-1.398,0.564],[0,2.12],[0.932,2.125],[0,0]],"v":[[-1.548,-2.093],[-0.661,-3.717],[4.449,-5.01],[4.182,-8.512],[-2.844,-8.414],[-6.277,-2.491],[-4.822,4.278],[-1.788,8.979]],"c":false},"ix":2},"nm":"Path 1","mn":"ADBE Vector Shape - Group","hd":false},{"ty":"fl","c":{"a":0,"k":[1,0.647000002394,0.611999990426,1],"ix":4},"o":{"a":0,"k":100,"ix":5},"r":1,"bm":0,"nm":"Fill 1","mn":"ADBE Vector Graphic - Fill","hd":false},{"ty":"tr","p":{"a":0,"k":[219.653,73.773],"ix":2},"a":{"a":0,"k":[0,0],"ix":1},"s":{"a":0,"k":[100,100],"ix":3},"r":{"a":0,"k":0,"ix":6},"o":{"a":0,"k":100,"ix":7},"sk":{"a":0,"k":0,"ix":4},"sa":{"a":0,"k":0,"ix":5},"nm":"Transform"}],"nm":"Group 2","np":2,"cix":2,"bm":0,"ix":2,"mn":"ADBE Vector Group","hd":false},{"ty":"gr","it":[{"ind":0,"ty":"sh","ix":1,"ks":{"a":0,"k":{"i":[[-0.163,-0.012],[0.283,-3.694],[-0.546,-0.466],[-0.535,0.099],[-0.209,0.24],[-0.043,-0.018],[0.179,-0.316],[0.657,-0.175],[0.706,0.568],[-0.071,0.976]],"o":[[0.164,0.012],[-0.055,0.873],[0.542,0.471],[0.545,-0.094],[0.215,-0.241],[0.032,0.011],[-0.17,0.309],[-0.64,0.178],[-0.723,-0.558],[0.284,-3.707]],"v":[[-1.482,-4.964],[-1.698,1.746],[-0.92,3.88],[0.86,4.388],[1.987,3.75],[2.331,3.354],[2.174,3.885],[0.952,4.798],[-1.27,4.3],[-2.292,1.726]],"c":true},"ix":2},"nm":"Path 1","mn":"ADBE Vector Shape - Group","hd":false},{"ty":"fl","c":{"a":0,"k":[0.910000011968,0.497999991623,0.46699999641,1],"ix":4},"o":{"a":0,"k":100,"ix":5},"r":1,"bm":0,"nm":"Fill 1","mn":"ADBE Vector Graphic - Fill","hd":false},{"ty":"tr","p":{"a":0,"k":[223.066,67.631],"ix":2},"a":{"a":0,"k":[0,0],"ix":1},"s":{"a":0,"k":[100,100],"ix":3},"r":{"a":0,"k":0,"ix":6},"o":{"a":0,"k":100,"ix":7},"sk":{"a":0,"k":0,"ix":4},"sa":{"a":0,"k":0,"ix":5},"nm":"Transform"}],"nm":"Group 3","np":2,"cix":2,"bm":0,"ix":3,"mn":"ADBE Vector Group","hd":false},{"ty":"gr","it":[{"ind":0,"ty":"sh","ix":1,"ks":{"a":0,"k":{"i":[[0,2.248],[-1.452,-0.358],[0.041,-1.432],[0.729,-1.894],[1.014,0.078],[-0.065,1.942]],"o":[[0,-0.912],[1.399,0.344],[-0.063,2.237],[-0.309,0.805],[-1.016,-0.077],[0.067,-1.942]],"v":[[-2.24,-4.491],[0.582,-5.963],[2.782,-3.317],[1.42,4.958],[-0.52,6.242],[-2.758,3.393]],"c":true},"ix":2},"nm":"Path 1","mn":"ADBE Vector Shape - Group","hd":false},{"ty":"fl","c":{"a":0,"k":[1,0.647000002394,0.611999990426,1],"ix":4},"o":{"a":0,"k":100,"ix":5},"r":1,"bm":0,"nm":"Fill 1","mn":"ADBE Vector Graphic - Fill","hd":false},{"ty":"tr","p":{"a":0,"k":[223.824,66.026],"ix":2},"a":{"a":0,"k":[0,0],"ix":1},"s":{"a":0,"k":[100,100],"ix":3},"r":{"a":0,"k":0,"ix":6},"o":{"a":0,"k":100,"ix":7},"sk":{"a":0,"k":0,"ix":4},"sa":{"a":0,"k":0,"ix":5},"nm":"Transform"}],"nm":"Group 4","np":2,"cix":2,"bm":0,"ix":4,"mn":"ADBE Vector Group","hd":false},{"ty":"gr","it":[{"ind":0,"ty":"sh","ix":1,"ks":{"a":0,"k":{"i":[[-0.162,-0.026],[0.565,-3.786],[0.01,-0.396],[-0.213,-0.262],[-0.532,-0.044],[-0.241,0.221],[-0.043,-0.022],[0.223,-0.304],[0.704,-0.042],[0.381,0.091],[0.322,0.385],[-0.003,0.488],[-0.061,0.486]],"o":[[0.162,0.026],[-0.06,0.464],[-0.008,0.407],[0.415,0.525],[0.572,0.015],[0.247,-0.223],[0.03,0.013],[-0.211,0.298],[-0.357,0.024],[-0.377,-0.101],[-0.331,-0.381],[0.01,-0.509],[0.568,-3.796]],"v":[[-0.659,-5.219],[-1.39,1.683],[-1.57,3.036],[-1.286,4.082],[0.498,4.802],[1.736,4.338],[2.126,3.965],[1.907,4.493],[0.511,5.221],[-0.576,5.092],[-1.711,4.427],[-2.152,3.028],[-1.98,1.608]],"c":true},"ix":2},"nm":"Path 1","mn":"ADBE Vector Shape - Group","hd":false},{"ty":"fl","c":{"a":0,"k":[0.910000011968,0.497999991623,0.46699999641,1],"ix":4},"o":{"a":0,"k":100,"ix":5},"r":1,"bm":0,"nm":"Fill 1","mn":"ADBE Vector Graphic - Fill","hd":false},{"ty":"tr","p":{"a":0,"k":[227.288,68.475],"ix":2},"a":{"a":0,"k":[0,0],"ix":1},"s":{"a":0,"k":[100,100],"ix":3},"r":{"a":0,"k":0,"ix":6},"o":{"a":0,"k":100,"ix":7},"sk":{"a":0,"k":0,"ix":4},"sa":{"a":0,"k":0,"ix":5},"nm":"Transform"}],"nm":"Group 5","np":2,"cix":2,"bm":0,"ix":5,"mn":"ADBE Vector Group","hd":false},{"ty":"gr","it":[{"ind":0,"ty":"sh","ix":1,"ks":{"a":0,"k":{"i":[[-0.405,2.076],[-1.264,-0.62],[0.23,-1.385],[0.838,-1.716],[0.945,0.157],[-0.22,1.815]],"o":[[0.207,-1.059],[1.239,0.608],[-0.346,2.077],[-0.355,0.73],[-0.946,-0.155],[0.221,-1.815]],"v":[[-1.669,-4.688],[1.471,-5.496],[2.846,-2.335],[0.977,4.915],[-0.945,5.959],[-2.855,3.636]],"c":true},"ix":2},"nm":"Path 1","mn":"ADBE Vector Shape - Group","hd":false},{"ty":"fl","c":{"a":0,"k":[1,0.647000002394,0.611999990426,1],"ix":4},"o":{"a":0,"k":100,"ix":5},"r":1,"bm":0,"nm":"Fill 1","mn":"ADBE Vector Graphic - Fill","hd":false},{"ty":"tr","p":{"a":0,"k":[228.306,67.498],"ix":2},"a":{"a":0,"k":[0,0],"ix":1},"s":{"a":0,"k":[100,100],"ix":3},"r":{"a":0,"k":0,"ix":6},"o":{"a":0,"k":100,"ix":7},"sk":{"a":0,"k":0,"ix":4},"sa":{"a":0,"k":0,"ix":5},"nm":"Transform"}],"nm":"Group 6","np":2,"cix":2,"bm":0,"ix":6,"mn":"ADBE Vector Group","hd":false},{"ty":"gr","it":[{"ind":0,"ty":"sh","ix":1,"ks":{"a":0,"k":{"i":[[-0.159,-0.04],[0.738,-3.172],[-0.414,-0.429],[-0.434,-0.052],[-0.214,0.18],[-0.039,-0.025],[0.188,-0.257],[0.622,-0.023],[0.313,0.094],[0.304,0.296],[0.008,0.436],[-0.089,0.386]],"o":[[0.159,0.04],[-0.221,0.797],[0.392,0.405],[0.471,0.031],[0.217,-0.183],[0.031,0.017],[-0.178,0.249],[-0.309,0.01],[-0.317,-0.096],[-0.304,-0.298],[-0.022,-0.443],[0.741,-3.184]],"v":[[-0.094,-4.397],[-1.143,1.42],[-1.02,3.349],[0.495,4.007],[1.532,3.636],[1.894,3.344],[1.701,3.793],[0.494,4.427],[-0.438,4.272],[-1.414,3.728],[-1.903,2.541],[-1.724,1.296]],"c":true},"ix":2},"nm":"Path 1","mn":"ADBE Vector Shape - Group","hd":false},{"ty":"fl","c":{"a":0,"k":[0.910000011968,0.497999991623,0.46699999641,1],"ix":4},"o":{"a":0,"k":100,"ix":5},"r":1,"bm":0,"nm":"Fill 1","mn":"ADBE Vector Graphic - Fill","hd":false},{"ty":"tr","p":{"a":0,"k":[231.044,70.32],"ix":2},"a":{"a":0,"k":[0,0],"ix":1},"s":{"a":0,"k":[100,100],"ix":3},"r":{"a":0,"k":0,"ix":6},"o":{"a":0,"k":100,"ix":7},"sk":{"a":0,"k":0,"ix":4},"sa":{"a":0,"k":0,"ix":5},"nm":"Transform"}],"nm":"Group 7","np":2,"cix":2,"bm":0,"ix":7,"mn":"ADBE Vector Group","hd":false},{"ty":"gr","it":[{"ind":0,"ty":"sh","ix":1,"ks":{"a":0,"k":{"i":[[-0.231,1.118],[-1.118,-0.675],[0.396,-1.846],[0.913,-1.519],[0.861,0.221],[-0.351,1.66]],"o":[[0.232,-1.117],[1.097,0.664],[-0.395,1.845],[-0.388,0.645],[-0.862,-0.221],[0.351,-1.661]],"v":[[-1.225,-3.895],[1.649,-4.559],[2.634,-0.781],[0.763,4.202],[-1.101,5.013],[-2.679,2.71]],"c":true},"ix":2},"nm":"Path 1","mn":"ADBE Vector Shape - Group","hd":false},{"ty":"fl","c":{"a":0,"k":[1,0.647000002394,0.611999990426,1],"ix":4},"o":{"a":0,"k":100,"ix":5},"r":1,"bm":0,"nm":"Fill 1","mn":"ADBE Vector Graphic - Fill","hd":false},{"ty":"tr","p":{"a":0,"k":[232.175,69.462],"ix":2},"a":{"a":0,"k":[0,0],"ix":1},"s":{"a":0,"k":[100,100],"ix":3},"r":{"a":0,"k":0,"ix":6},"o":{"a":0,"k":100,"ix":7},"sk":{"a":0,"k":0,"ix":4},"sa":{"a":0,"k":0,"ix":5},"nm":"Transform"}],"nm":"Group 8","np":2,"cix":2,"bm":0,"ix":8,"mn":"ADBE Vector Group","hd":false},{"ty":"gr","it":[{"ind":0,"ty":"sh","ix":1,"ks":{"a":0,"k":{"i":[[-2.816,-2.382],[0,0],[-3.656,-0.248],[2.767,1.299]],"o":[[2.815,2.382],[0,0],[1.616,0.109],[-2.766,-1.298]],"v":[[-4.847,-2.325],[-0.152,4.706],[6.048,2.264],[1.674,-2.541]],"c":true},"ix":2},"nm":"Path 1","mn":"ADBE Vector Shape - Group","hd":false},{"ty":"fl","c":{"a":0,"k":[0.910000011968,0.497999991623,0.46699999641,1],"ix":4},"o":{"a":0,"k":100,"ix":5},"r":1,"bm":0,"nm":"Fill 1","mn":"ADBE Vector Graphic - Fill","hd":false},{"ty":"tr","p":{"a":0,"k":[225.027,72.211],"ix":2},"a":{"a":0,"k":[0,0],"ix":1},"s":{"a":0,"k":[100,100],"ix":3},"r":{"a":0,"k":0,"ix":6},"o":{"a":0,"k":100,"ix":7},"sk":{"a":0,"k":0,"ix":4},"sa":{"a":0,"k":0,"ix":5},"nm":"Transform"}],"nm":"Group 9","np":2,"cix":2,"bm":0,"ix":9,"mn":"ADBE Vector Group","hd":false},{"ty":"gr","it":[{"ind":0,"ty":"sh","ix":1,"ks":{"a":0,"k":{"i":[[0.206,-0.036],[1.371,1.911],[-0.126,0.181],[-1.43,-2.057]],"o":[[-0.228,0.065],[-1.342,-1.935],[0.112,-0.197],[1.46,2.044]],"v":[[2.434,3.581],[0.182,-0.09],[-2.514,-3.45],[0.841,-0.555]],"c":true},"ix":2},"nm":"Path 1","mn":"ADBE Vector Shape - Group","hd":false},{"ty":"fl","c":{"a":0,"k":[0.910000011968,0.497999991623,0.46699999641,1],"ix":4},"o":{"a":0,"k":100,"ix":5},"r":1,"bm":0,"nm":"Fill 1","mn":"ADBE Vector Graphic - Fill","hd":false},{"ty":"tr","p":{"a":0,"k":[222.441,73.337],"ix":2},"a":{"a":0,"k":[0,0],"ix":1},"s":{"a":0,"k":[100,100],"ix":3},"r":{"a":0,"k":0,"ix":6},"o":{"a":0,"k":100,"ix":7},"sk":{"a":0,"k":0,"ix":4},"sa":{"a":0,"k":0,"ix":5},"nm":"Transform"}],"nm":"Group 10","np":2,"cix":2,"bm":0,"ix":10,"mn":"ADBE Vector Group","hd":false},{"ty":"gr","it":[{"ind":0,"ty":"sh","ix":1,"ks":{"a":0,"k":{"i":[[0,0],[2.12,-5.639],[-0.953,-9.966],[0.494,-4.237],[6.746,0],[0,11.38],[-0.282,4.775],[1.437,3.53],[-0.382,6.001],[0,0]],"o":[[1.055,2.607],[-1.708,4.54],[1.113,11.658],[-0.494,4.239],[-6.747,0],[0,-11.38],[0.402,-6.786],[-1.438,-3.531],[0,0],[0,0]],"v":[[8.745,-40.607],[6.818,-25.199],[8.139,-1.219],[10.082,29.945],[0.639,40.607],[-10.562,24.495],[-7.192,-11.488],[-8.242,-24.115],[-10.194,-34.872],[-8.689,-39.273]],"c":true},"ix":2},"nm":"Path 1","mn":"ADBE Vector Shape - Group","hd":false},{"ty":"fl","c":{"a":0,"k":[1,0.647000002394,0.611999990426,1],"ix":4},"o":{"a":0,"k":100,"ix":5},"r":1,"bm":0,"nm":"Fill 1","mn":"ADBE Vector Graphic - Fill","hd":false},{"ty":"tr","p":{"a":0,"k":[226.107,106.868],"ix":2},"a":{"a":0,"k":[0,0],"ix":1},"s":{"a":0,"k":[100,100],"ix":3},"r":{"a":0,"k":0,"ix":6},"o":{"a":0,"k":100,"ix":7},"sk":{"a":0,"k":0,"ix":4},"sa":{"a":0,"k":0,"ix":5},"nm":"Transform"}],"nm":"Group 11","np":2,"cix":2,"bm":0,"ix":11,"mn":"ADBE Vector Group","hd":false}],"ip":-16,"op":120,"st":0,"bm":0},{"ddd":0,"ind":8,"ty":4,"nm":"right finger","parent":7,"sr":1,"ks":{"o":{"a":0,"k":100,"ix":11},"r":{"a":0,"k":0,"ix":10},"p":{"a":0,"k":[220.184,69.503,0],"ix":2},"a":{"a":0,"k":[220.184,69.503,0],"ix":1},"s":{"a":0,"k":[100,100,100],"ix":6}},"ao":0,"shapes":[{"ty":"gr","it":[{"ind":0,"ty":"sh","ix":1,"ks":{"a":0,"k":{"i":[[0,0],[0.175,2.179],[1.567,0],[0.18,-2.636],[0.352,-5.525],[0,0]],"o":[[-0.172,-2.09],[-0.172,-2.147],[-1.567,0],[-0.218,3.183],[0,0],[0,0]],"v":[[1.976,1.521],[1.456,-8.492],[-0.907,-11.98],[-3.215,-8.067],[-3.696,11.98],[3.696,11.98]],"c":true},"ix":2},"nm":"Path 1","mn":"ADBE Vector Shape - Group","hd":false},{"ty":"fl","c":{"a":0,"k":[1,0.592000026329,0.560999971278,1],"ix":4},"o":{"a":0,"k":100,"ix":5},"r":1,"bm":0,"nm":"Fill 1","mn":"ADBE Vector Graphic - Fill","hd":false},{"ty":"tr","p":{"a":0,"k":[219.608,60.015],"ix":2},"a":{"a":0,"k":[0,0],"ix":1},"s":{"a":0,"k":[100,100],"ix":3},"r":{"a":0,"k":0,"ix":6},"o":{"a":0,"k":100,"ix":7},"sk":{"a":0,"k":0,"ix":4},"sa":{"a":0,"k":0,"ix":5},"nm":"Transform"}],"nm":"Group 1","np":2,"cix":2,"bm":0,"ix":1,"mn":"ADBE Vector Group","hd":false}],"ip":-16,"op":120,"st":0,"bm":0},{"ddd":0,"ind":9,"ty":4,"nm":"left arm","sr":1,"ks":{"o":{"a":0,"k":100,"ix":11},"r":{"a":0,"k":0,"ix":10},"p":{"a":1,"k":[{"i":{"x":0.667,"y":1},"o":{"x":0.333,"y":0},"t":0,"s":[120,143,0],"to":[0,0,0],"ti":[0,0,0]},{"i":{"x":0.667,"y":1},"o":{"x":0.333,"y":0},"t":15,"s":[120,142.5,0],"to":[0,0,0],"ti":[0,0,0]},{"i":{"x":0.667,"y":0.667},"o":{"x":0.333,"y":0.333},"t":30,"s":[120,143,0],"to":[0,0,0],"ti":[0,0,0]},{"i":{"x":0.667,"y":1},"o":{"x":0.333,"y":0},"t":98,"s":[120,143,0],"to":[0,0,0],"ti":[0,0,0]},{"i":{"x":0.667,"y":1},"o":{"x":0.333,"y":0},"t":110,"s":[120,142.5,0],"to":[0,0,0],"ti":[0,0,0]},{"t":120,"s":[120,143,0]}],"ix":2},"a":{"a":0,"k":[120,143,0],"ix":1},"s":{"a":0,"k":[100,100,100],"ix":6}},"ao":0,"shapes":[{"ty":"gr","it":[{"ind":0,"ty":"sh","ix":1,"ks":{"a":0,"k":{"i":[[-0.13,0.107],[-1.656,-2.327],[-0.344,-0.897],[0.032,-0.292],[0.016,0.031],[0.044,0.229],[0.21,0.4],[0.812,1.15]],"o":[[0.121,-0.104],[0.824,1.165],[0.172,0.447],[-0.027,0.302],[-0.036,-0.034],[-0.038,-0.23],[-0.419,-0.802],[-1.636,-2.297]],"v":[[-2.674,-4.259],[0.705,-0.365],[2.545,2.815],[2.773,3.95],[2.554,4.332],[2.543,3.952],[2.162,2.987],[0.221,-0.023]],"c":true},"ix":2},"nm":"Path 1","mn":"ADBE Vector Shape - Group","hd":false},{"ty":"fl","c":{"a":0,"k":[0.910000011968,0.497999991623,0.46699999641,1],"ix":4},"o":{"a":0,"k":100,"ix":5},"r":1,"bm":0,"nm":"Fill 1","mn":"ADBE Vector Graphic - Fill","hd":false},{"ty":"tr","p":{"a":0,"k":[176.331,149.368],"ix":2},"a":{"a":0,"k":[0,0],"ix":1},"s":{"a":0,"k":[100,100],"ix":3},"r":{"a":0,"k":0,"ix":6},"o":{"a":0,"k":100,"ix":7},"sk":{"a":0,"k":0,"ix":4},"sa":{"a":0,"k":0,"ix":5},"nm":"Transform"}],"nm":"Group 1","np":2,"cix":2,"bm":0,"ix":1,"mn":"ADBE Vector Group","hd":false},{"ty":"gr","it":[{"ind":0,"ty":"sh","ix":1,"ks":{"a":0,"k":{"i":[[0.004,0.033],[-1.444,-2.814],[-0.187,-1.051],[0.101,-0.303],[0.017,0.024],[-0.02,0.263],[0.139,0.48],[0.707,1.387],[0.505,0.892],[0.185,0.324]],"o":[[0.206,-0.183],[0.72,1.411],[0.093,0.523],[-0.105,0.306],[-0.038,-0.034],[0.022,-0.264],[-0.275,-0.96],[-0.711,-1.389],[-0.217,-0.383],[-0.147,-0.258]],"v":[[-2.388,-5.007],[0.855,-0.309],[2.296,3.506],[2.286,4.785],[1.993,5.167],[2.059,4.738],[1.885,3.598],[0.327,-0.039],[-1.585,-3.554],[-2.184,-4.609]],"c":true},"ix":2},"nm":"Path 1","mn":"ADBE Vector Shape - Group","hd":false},{"ty":"fl","c":{"a":0,"k":[0.910000011968,0.497999991623,0.46699999641,1],"ix":4},"o":{"a":0,"k":100,"ix":5},"r":1,"bm":0,"nm":"Fill 1","mn":"ADBE Vector Graphic - Fill","hd":false},{"ty":"tr","p":{"a":0,"k":[180.09,147.953],"ix":2},"a":{"a":0,"k":[0,0],"ix":1},"s":{"a":0,"k":[100,100],"ix":3},"r":{"a":0,"k":0,"ix":6},"o":{"a":0,"k":100,"ix":7},"sk":{"a":0,"k":0,"ix":4},"sa":{"a":0,"k":0,"ix":5},"nm":"Transform"}],"nm":"Group 2","np":2,"cix":2,"bm":0,"ix":2,"mn":"ADBE Vector Group","hd":false},{"ty":"gr","it":[{"ind":0,"ty":"sh","ix":1,"ks":{"a":0,"k":{"i":[[-0.15,0.084],[-1.649,-3.263],[-0.144,-0.842],[0.433,-0.499],[0.321,-0.109],[0.01,0.033],[-0.28,0.166],[-0.313,0.443],[0.16,0.719],[0.401,0.818]],"o":[[0.136,-0.077],[0.395,0.81],[0.16,0.829],[-0.429,0.5],[-0.327,0.109],[-0.015,-0.045],[0.277,-0.164],[0.311,-0.443],[-0.147,-0.718],[-1.633,-3.235]],"v":[[-2.178,-5.576],[1.21,0.093],[2.168,2.545],[1.688,4.718],[0.453,5.537],[-0.076,5.62],[0.358,5.326],[1.353,4.464],[1.631,2.647],[0.678,0.358]],"c":true},"ix":2},"nm":"Path 1","mn":"ADBE Vector Shape - Group","hd":false},{"ty":"fl","c":{"a":0,"k":[0.910000011968,0.497999991623,0.46699999641,1],"ix":4},"o":{"a":0,"k":100,"ix":5},"r":1,"bm":0,"nm":"Fill 1","mn":"ADBE Vector Graphic - Fill","hd":false},{"ty":"tr","p":{"a":0,"k":[183.666,147.671],"ix":2},"a":{"a":0,"k":[0,0],"ix":1},"s":{"a":0,"k":[100,100],"ix":3},"r":{"a":0,"k":0,"ix":6},"o":{"a":0,"k":100,"ix":7},"sk":{"a":0,"k":0,"ix":4},"sa":{"a":0,"k":0,"ix":5},"nm":"Transform"}],"nm":"Group 3","np":2,"cix":2,"bm":0,"ix":3,"mn":"ADBE Vector Group","hd":false},{"ty":"gr","it":[{"ind":0,"ty":"sh","ix":1,"ks":{"a":0,"k":{"i":[[-6.205,0],[-5.227,0],[-1.923,-3.278],[0.616,-1.707],[2.039,-0.171],[0.358,0.208],[1.17,-0.206],[0,0],[1.732,0],[0,0],[3.569,0.966],[0,0],[5.22,0.632],[0,3.823],[-11.94,0.145]],"o":[[6.205,0],[3.919,0],[1.923,3.277],[-0.615,1.706],[-0.636,0.113],[0,0],[-1.17,0.206],[0,0],[-1.731,0],[0,0],[-3.108,-0.841],[-16.882,0.219],[-5.22,-0.632],[0,-3.823],[11.939,-0.146]],"v":[[8.603,-4.182],[23.392,-4.031],[31.535,-0.667],[34.343,7.919],[29.836,10.219],[28.328,10.048],[26.7,10.771],[25.13,10.628],[23.032,10.926],[18.956,9.124],[11.932,8.434],[7.252,6.859],[-25.655,6.426],[-34.959,-1.102],[-19.266,-10.831]],"c":true},"ix":2},"nm":"Path 1","mn":"ADBE Vector Shape - Group","hd":false},{"ty":"fl","c":{"a":0,"k":[1,0.647000002394,0.611999990426,1],"ix":4},"o":{"a":0,"k":100,"ix":5},"r":1,"bm":0,"nm":"Fill 1","mn":"ADBE Vector Graphic - Fill","hd":false},{"ty":"tr","p":{"a":0,"k":[153.754,143.072],"ix":2},"a":{"a":0,"k":[0,0],"ix":1},"s":{"a":0,"k":[100,100],"ix":3},"r":{"a":0,"k":0,"ix":6},"o":{"a":0,"k":100,"ix":7},"sk":{"a":0,"k":0,"ix":4},"sa":{"a":0,"k":0,"ix":5},"nm":"Transform"}],"nm":"Group 4","np":2,"cix":2,"bm":0,"ix":4,"mn":"ADBE Vector Group","hd":false}],"ip":0,"op":122,"st":0,"bm":0},{"ddd":0,"ind":10,"ty":4,"nm":"face","sr":1,"ks":{"o":{"a":0,"k":100,"ix":11},"r":{"a":1,"k":[{"i":{"x":[0.667],"y":[1.338]},"o":{"x":[0.333],"y":[0]},"t":35,"s":[3]},{"i":{"x":[0.667],"y":[1]},"o":{"x":[0.333],"y":[0.328]},"t":53,"s":[-2]},{"i":{"x":[0.667],"y":[1]},"o":{"x":[0.167],"y":[0]},"t":60,"s":[0]},{"i":{"x":[0.833],"y":[1]},"o":{"x":[0.167],"y":[0]},"t":98,"s":[0]},{"t":120,"s":[3]}],"ix":10},"p":{"a":1,"k":[{"i":{"x":0.667,"y":1},"o":{"x":0.333,"y":0},"t":0,"s":[177.25,72.25,0],"to":[0,0,0],"ti":[0,0,0]},{"i":{"x":0.667,"y":1},"o":{"x":0.333,"y":0},"t":15,"s":[177.25,74,0],"to":[0,0,0],"ti":[0,0,0]},{"i":{"x":0.667,"y":0.667},"o":{"x":0.333,"y":0.333},"t":30,"s":[177.75,72.25,0],"to":[0,0,0],"ti":[0,0,0]},{"i":{"x":0.667,"y":1},"o":{"x":0.333,"y":0},"t":98,"s":[177.75,72.25,0],"to":[0,0,0],"ti":[0,0,0]},{"i":{"x":0.667,"y":1},"o":{"x":0.333,"y":0},"t":110,"s":[177.25,73,0],"to":[0,0,0],"ti":[0,0,0]},{"t":120,"s":[177.25,72.25,0]}],"ix":2},"a":{"a":0,"k":[177.25,72.25,0],"ix":1},"s":{"a":0,"k":[100,100,100],"ix":6}},"ao":0,"shapes":[{"ty":"gr","it":[{"ind":0,"ty":"sh","ix":1,"ks":{"a":0,"k":{"i":[[1.546,-5.595],[3.172,3.158],[7.967,0],[3.018,-3.728],[0,-9.909],[0,5.255],[-5.607,5.739],[-2.998,-0.771],[-5.276,-1.707],[-1.225,-6.279]],"o":[[-4.234,-10.075],[-3.17,-3.158],[-7.965,0],[-3.019,3.729],[-0.52,-2.327],[0,-5.254],[5.607,-5.738],[2.412,0.621],[5.275,1.706],[1.321,6.778]],"v":[[18.48,16.259],[7.67,7.085],[-0.164,-0.63],[-8.266,6.778],[-18.874,16.259],[-22.401,4.206],[-14.72,-10.521],[-0.197,-14.156],[9.078,-14.011],[21.079,0.326]],"c":true},"ix":2},"nm":"Path 1","mn":"ADBE Vector Shape - Group","hd":false},{"ty":"fl","c":{"a":0,"k":[0.1450980392156863,0.1411764705882353,0.1411764705882353,1],"ix":4},"o":{"a":0,"k":100,"ix":5},"r":1,"bm":0,"nm":"Fill 1","mn":"ADBE Vector Graphic - Fill","hd":false},{"ty":"tr","p":{"a":0,"k":[178.208,31.424],"ix":2},"a":{"a":0,"k":[0,0],"ix":1},"s":{"a":0,"k":[100,100],"ix":3},"r":{"a":0,"k":0,"ix":6},"o":{"a":0,"k":100,"ix":7},"sk":{"a":0,"k":0,"ix":4},"sa":{"a":0,"k":0,"ix":5},"nm":"Transform"}],"nm":"Group 1","np":2,"cix":2,"bm":0,"ix":1,"mn":"ADBE Vector Group","hd":false},{"ty":"gr","it":[{"ind":0,"ty":"sh","ix":1,"ks":{"a":0,"k":{"i":[[10.296,0],[2.623,-6.262],[0,0],[-0.123,-2.409],[-2.403,0.207],[-5.142,0],[-4.287,11.778],[-0.123,2.409],[2.412,0.039],[2.451,5.851]],"o":[[-10.297,0],[-2.451,5.851],[-2.412,0.039],[0.123,2.409],[4.288,11.778],[5.141,0],[2.405,0.207],[0.124,-2.409],[0,0],[-2.623,-6.262]],"v":[[0,-25.356],[-16.411,-16.273],[-18.678,0.721],[-22.336,5.074],[-17.449,9.335],[0,25.356],[17.447,9.335],[22.335,5.074],[18.677,0.721],[16.41,-16.273]],"c":true},"ix":2},"nm":"Path 1","mn":"ADBE Vector Shape - Group","hd":false},{"ty":"fl","c":{"a":0,"k":[1,0.647000002394,0.611999990426,1],"ix":4},"o":{"a":0,"k":100,"ix":5},"r":1,"bm":0,"nm":"Fill 1","mn":"ADBE Vector Graphic - Fill","hd":false},{"ty":"tr","p":{"a":0,"k":[178.012,46.963],"ix":2},"a":{"a":0,"k":[0,0],"ix":1},"s":{"a":0,"k":[100,100],"ix":3},"r":{"a":0,"k":0,"ix":6},"o":{"a":0,"k":100,"ix":7},"sk":{"a":0,"k":0,"ix":4},"sa":{"a":0,"k":0,"ix":5},"nm":"Transform"}],"nm":"Group 2","np":2,"cix":2,"bm":0,"ix":2,"mn":"ADBE Vector Group","hd":false}],"ip":0,"op":122,"st":0,"bm":0},{"ddd":0,"ind":11,"ty":4,"nm":"body","sr":1,"ks":{"o":{"a":0,"k":100,"ix":11},"r":{"a":0,"k":0,"ix":10},"p":{"a":0,"k":[172,144,0],"ix":2},"a":{"a":0,"k":[172,144,0],"ix":1},"s":{"a":1,"k":[{"i":{"x":[0.667,0.667,0.667],"y":[1,1,1]},"o":{"x":[0.333,0.333,0.333],"y":[0,0,0]},"t":0,"s":[100,100,100]},{"i":{"x":[0.667,0.667,0.667],"y":[1,1,1]},"o":{"x":[0.333,0.333,0.333],"y":[0,0,0]},"t":15,"s":[100,98,100]},{"i":{"x":[0.667,0.667,0.667],"y":[1,1,1]},"o":{"x":[0.333,0.333,0.333],"y":[0,0,0]},"t":30,"s":[100,100,100]},{"i":{"x":[0.667,0.667,0.667],"y":[1,1,1]},"o":{"x":[0.333,0.333,0.333],"y":[0,0,0]},"t":98,"s":[100,100,100]},{"i":{"x":[0.667,0.667,0.667],"y":[1,1,1]},"o":{"x":[0.333,0.333,0.333],"y":[0,0,0]},"t":110,"s":[100,99.5,100]},{"t":119,"s":[100,100,100]}],"ix":6}},"ao":0,"shapes":[{"ty":"gr","it":[{"ind":0,"ty":"sh","ix":1,"ks":{"a":1,"k":[{"i":{"x":0.833,"y":0.833},"o":{"x":0.333,"y":0},"t":0,"s":[{"i":[[0,0],[-0.029,2.766],[0,0]],"o":[[-0.535,-1.838],[0,0],[4.192,6.52]],"v":[[10.463,4.943],[9.055,-5.943],[-10.462,-5.133]],"c":true}]},{"i":{"x":0.667,"y":1},"o":{"x":0.167,"y":0.167},"t":15,"s":[{"i":[[0,0],[-0.029,2.766],[0,0]],"o":[[-0.535,-1.838],[0,0],[4.192,6.52]],"v":[[10.463,5.454],[9.055,-5.433],[-10.462,-4.623]],"c":true}]},{"i":{"x":0.667,"y":1},"o":{"x":0.333,"y":0},"t":30,"s":[{"i":[[0,0],[-0.029,2.766],[0,0]],"o":[[-0.535,-1.838],[0,0],[4.192,6.52]],"v":[[10.463,4.943],[9.055,-5.943],[-10.462,-5.133]],"c":true}]},{"i":{"x":0.667,"y":1},"o":{"x":0.333,"y":0},"t":35,"s":[{"i":[[0,0],[-0.029,2.766],[0,0]],"o":[[-0.535,-1.838],[0,0],[4.192,6.52]],"v":[[10.463,4.943],[9.055,-5.943],[-10.462,-5.133]],"c":true}]},{"i":{"x":0.667,"y":1},"o":{"x":0.333,"y":0},"t":53,"s":[{"i":[[0,0],[-0.029,2.766],[0,0]],"o":[[-0.535,-1.838],[0,0],[4.192,6.52]],"v":[[10.463,5.443],[9.055,-5.443],[-10.462,-4.633]],"c":true}]},{"i":{"x":0.833,"y":0.833},"o":{"x":0.333,"y":0},"t":98,"s":[{"i":[[0,0],[-0.029,2.766],[0,0]],"o":[[-0.535,-1.838],[0,0],[4.192,6.52]],"v":[[10.463,5.443],[9.055,-5.443],[-10.462,-4.633]],"c":true}]},{"i":{"x":0.667,"y":1},"o":{"x":0.167,"y":0.167},"t":110,"s":[{"i":[[0,0],[-0.029,2.766],[0,0]],"o":[[-0.535,-1.838],[0,0],[4.192,6.52]],"v":[[10.463,5.454],[9.055,-5.433],[-10.462,-4.623]],"c":true}]},{"t":120,"s":[{"i":[[0,0],[-0.029,2.766],[0,0]],"o":[[-0.535,-1.838],[0,0],[4.192,6.52]],"v":[[10.463,4.943],[9.055,-5.943],[-10.462,-5.133]],"c":true}]}],"ix":2},"nm":"Path 1","mn":"ADBE Vector Shape - Group","hd":false},{"ty":"fl","c":{"a":0,"k":[0.910000011968,0.497999991623,0.46699999641,1],"ix":4},"o":{"a":0,"k":100,"ix":5},"r":1,"bm":0,"nm":"Fill 1","mn":"ADBE Vector Graphic - Fill","hd":false},{"ty":"tr","p":{"a":0,"k":[178.138,71.42],"ix":2},"a":{"a":0,"k":[0,0],"ix":1},"s":{"a":0,"k":[100,100],"ix":3},"r":{"a":0,"k":0,"ix":6},"o":{"a":0,"k":100,"ix":7},"sk":{"a":0,"k":0,"ix":4},"sa":{"a":0,"k":0,"ix":5},"nm":"Transform"}],"nm":"neck shadow","np":2,"cix":2,"bm":0,"ix":1,"mn":"ADBE Vector Group","hd":false},{"ty":"gr","it":[{"ind":0,"ty":"sh","ix":1,"ks":{"a":0,"k":{"i":[[0,0],[0,0],[-1.019,-2.465],[0,0],[10.189,0],[0,0],[-1.018,2.466],[0,6.341]],"o":[[0,0],[0,6.341],[1.018,2.466],[0,0],[-10.188,0],[0,0],[1.019,-2.465],[0,0]],"v":[[-0.153,-9.644],[9.71,-9.644],[11.021,1.452],[14.811,4.918],[0,9.644],[-14.811,4.918],[-11.02,1.452],[-9.71,-9.644]],"c":true},"ix":2},"nm":"Path 1","mn":"ADBE Vector Shape - Group","hd":false},{"ty":"fl","c":{"a":0,"k":[1,0.647000002394,0.611999990426,1],"ix":4},"o":{"a":0,"k":100,"ix":5},"r":1,"bm":0,"nm":"Fill 1","mn":"ADBE Vector Graphic - Fill","hd":false},{"ty":"tr","p":{"a":0,"k":[177.858,75.62],"ix":2},"a":{"a":0,"k":[0,0],"ix":1},"s":{"a":0,"k":[100,100],"ix":3},"r":{"a":0,"k":0,"ix":6},"o":{"a":0,"k":100,"ix":7},"sk":{"a":0,"k":0,"ix":4},"sa":{"a":0,"k":0,"ix":5},"nm":"Transform"}],"nm":"neck","np":2,"cix":2,"bm":0,"ix":2,"mn":"ADBE Vector Group","hd":false},{"ty":"gr","it":[{"ind":0,"ty":"sh","ix":1,"ks":{"a":0,"k":{"i":[[0,0],[0,0],[0,-14.159]],"o":[[0,0],[0,0],[0,0]],"v":[[-3.264,8.328],[-1.743,-12.139],[3.264,12.139]],"c":true},"ix":2},"nm":"Path 1","mn":"ADBE Vector Shape - Group","hd":false},{"ty":"fl","c":{"a":0,"k":[0.8392156862745098,0.7411764705882353,0.30980392156862746,1],"ix":4},"o":{"a":0,"k":100,"ix":5},"r":1,"bm":0,"nm":"Fill 1","mn":"ADBE Vector Graphic - Fill","hd":false},{"ty":"tr","p":{"a":0,"k":[149.655,128.834],"ix":2},"a":{"a":0,"k":[0,0],"ix":1},"s":{"a":0,"k":[100,100],"ix":3},"r":{"a":0,"k":0,"ix":6},"o":{"a":0,"k":100,"ix":7},"sk":{"a":0,"k":0,"ix":4},"sa":{"a":0,"k":0,"ix":5},"nm":"Transform"}],"nm":"body shadow","np":2,"cix":2,"bm":0,"ix":3,"mn":"ADBE Vector Group","hd":false},{"ty":"gr","it":[{"ind":0,"ty":"sh","ix":1,"ks":{"a":1,"k":[{"i":{"x":0.667,"y":1},"o":{"x":0.333,"y":0},"t":35,"s":[{"i":[[6.686,6.393],[4.621,1.877],[3.706,0.476],[0,0],[4.889,-2.215],[8.447,-8.076],[3.168,-8.504],[0,-4.664],[-5.205,-0.263],[0,0],[1.77,9.518]],"o":[[-8.446,-8.076],[-4.622,-1.877],[0,0],[-3.706,0.476],[-4.888,2.215],[-6.686,6.392],[-3.409,9.154],[0,1.773],[0,0],[0,0],[-1.687,-9.074]],"v":[[41.06,-17.591],[20.311,-29.253],[9.566,-34.665],[1.435,-34.665],[-9.311,-29.253],[-31.309,-17.324],[-43.487,3.101],[-53.562,32.181],[-44.156,34.665],[57.062,34.829],[51.872,9.193]],"c":true}]},{"i":{"x":0.667,"y":1},"o":{"x":0.333,"y":0},"t":53,"s":[{"i":[[6.686,6.393],[4.621,1.877],[3.706,0.476],[0,0],[4.889,-2.215],[8.447,-8.076],[3.168,-8.504],[0,-4.664],[-5.205,-0.263],[0,0],[0.831,9.192]],"o":[[-8.446,-8.076],[-4.622,-1.877],[0,0],[-3.706,0.476],[-4.888,2.215],[-6.686,6.392],[-3.409,9.154],[0,1.773],[0,0],[0,0],[-0.83,-9.192]],"v":[[44.31,-17.546],[20.311,-29.253],[9.566,-34.665],[1.435,-34.665],[-9.311,-29.253],[-31.309,-17.324],[-43.487,3.101],[-53.562,32.181],[-44.156,34.665],[53.562,34.665],[51.872,9.193]],"c":true}]},{"i":{"x":0.667,"y":1},"o":{"x":0.333,"y":0},"t":98,"s":[{"i":[[6.686,6.393],[4.621,1.877],[3.706,0.476],[0,0],[4.889,-2.215],[8.447,-8.076],[3.168,-8.504],[0,-4.664],[-5.205,-0.263],[0,0],[0.831,9.192]],"o":[[-8.446,-8.076],[-4.622,-1.877],[0,0],[-3.706,0.476],[-4.888,2.215],[-6.686,6.392],[-3.409,9.154],[0,1.773],[0,0],[0,0],[-0.83,-9.192]],"v":[[44.31,-17.546],[20.311,-29.253],[9.566,-34.665],[1.435,-34.665],[-9.311,-29.253],[-31.309,-17.324],[-43.487,3.101],[-53.562,32.181],[-44.156,34.665],[53.562,34.665],[51.872,9.193]],"c":true}]},{"t":120,"s":[{"i":[[6.686,6.393],[4.621,1.877],[3.706,0.476],[0,0],[4.889,-2.215],[8.447,-8.076],[3.168,-8.504],[0,-4.664],[-5.205,-0.263],[0,0],[1.77,9.518]],"o":[[-8.446,-8.076],[-4.622,-1.877],[0,0],[-3.706,0.476],[-4.888,2.215],[-6.686,6.392],[-3.409,9.154],[0,1.773],[0,0],[0,0],[-1.687,-9.074]],"v":[[41.06,-17.591],[20.311,-29.253],[9.566,-34.665],[1.435,-34.665],[-9.311,-29.253],[-31.309,-17.324],[-43.487,3.101],[-53.562,32.181],[-44.156,34.665],[57.062,34.829],[51.872,9.193]],"c":true}]}],"ix":2},"nm":"Path 1","mn":"ADBE Vector Shape - Group","hd":false},{"ty":"fl","c":{"a":0,"k":[0.9019607843137255,0.8,0.3607843137254902,1],"ix":4},"o":{"a":0,"k":100,"ix":5},"r":1,"bm":0,"nm":"Fill 1","mn":"ADBE Vector Graphic - Fill","hd":false},{"ty":"tr","p":{"a":0,"k":[172.357,109.79],"ix":2},"a":{"a":0,"k":[0,0],"ix":1},"s":{"a":0,"k":[100,100],"ix":3},"r":{"a":0,"k":0,"ix":6},"o":{"a":0,"k":100,"ix":7},"sk":{"a":0,"k":0,"ix":4},"sa":{"a":0,"k":0,"ix":5},"nm":"Transform"}],"nm":"body","np":2,"cix":2,"bm":0,"ix":4,"mn":"ADBE Vector Group","hd":false}],"ip":0,"op":122,"st":0,"bm":0}],"markers":[]}